UniProt_ID,Mutation,Interactor_UniProt_ID,Prediction,Median_Probability
P08134,D59E,P52565,1,0.7422
P62993,A3V,Q9H8V3,1,0.57144
P62993,A3V,Q14155,1,0.51163
O75175,Q684H,Q9NZN8,1,0.67857
O75175,Q684H,B2RDX7,1,0.67556
O75175,Q684H,B3KTL6,1,0.67556
O75175,Q684H,F8VV52,1,0.73954
Q15034,E122K,Q8IVU3,0,0.26667
Q16082,E66D,P02489,0,0.19989
Q16082,E66D,Q9UJY1,0,0.11401
Q16082,E66D,A8KAH6,0,0.15476
Q16082,E66D,E9PHE4,0,0.29659
P00742,I451M,P00740,1,0.57303
P00742,I451M,P35237,1,0.54951
P00742,I451M,P10646,1,0.51562
P00742,I451M,P05154,1,0.58186
Q9BVG8,R451H,F5H4I9,1,0.88004
P04156,G131R,Q53YK7,1,0.68498
Q9NQ66,E539K,P19174,0,0.3609
Q9NQ66,E539K,P16885,0,0.36381
Q9NQ66,E539K,Q01970,0,0.45579
Q9NQ66,E539K,Q15147,0,0.39493
Q9NQ66,E539K,P51178,0,0.40866
Q9NQ66,E539K,Q8N3E9,0,0.36049
Q9NQ66,E539K,Q9BRC7,1,0.61007
P41227,K51Q,Q6N069,0,0.47442
O00506,E207K,Q8IUH5,0,0.43729
P11473,A350V,Q15466,0,0.07092
Q9Y6Q5,R251C,Q9BXS5,1,0.56186
Q9NRM7,K672I,O96017,1,0.92989
Q9NRM7,K672I,Q96GD4,1,0.76576
Q13619,D750N,Q6PH85,0,0.40713
Q13619,D750N,Q92564,0,0.40534
Q13619,D750N,Q8IWE4,1,0.67448
Q13619,D750N,Q96GG9,1,0.56975
Q13619,D750N,Q9BTE7,0,0.26791
P03956,E119Q,P09237,0,0.22262
P07900,E205D,Q9Y2Z0,0,0.21988
P07900,E205D,O94966,0,0.19963
P07900,E205D,Q9UKP3,0,0.27945
P07900,E205D,Q9UHD1,0,0.31952
Q13616,V145F,P63208,0,0.32291
P07948,F490S,Q9UBS0,1,0.66739
O43306,S989C,Q08462,0,0.4156
P06737,N254I,P11216,1,0.65237
P34897,F501V,P34896,1,0.70999
P20151,P237S,P01011,0,0.28465
P20151,P237S,P29622,0,0.28295
Q14194,I25V,E9PD68,0,0.38787
Q14194,I25V,Q8IXW6,0,0.38838
Q14194,I25V,Q96I11,0,0.38331
Q9P0J1,R342Q,Q05655,1,0.53686
P62805,N65D,P49450,0,0.47501
P62805,N65D,Q9UER7,0,0.40472
P62805,N65D,B4E1C1,0,0.43539
P62805,N65D,Q53F85,1,0.51589
Q9NQU5,L613H,Q38SD2,1,0.61686
P04637,R248Q,Q13625,1,0.66623
P04637,R248Q,Q9H3D4,0,0.30739
P04637,R248Q,Q96KQ4,1,0.62842
P04637,R248Q,Q8WUF5,0,0.49432
P04637,R248Q,P07948,1,0.52482
P04637,R248Q,Q06187,1,0.50063
P04637,R248Q,H2EHT1,0,0.33686
P04637,R248Q,K7PPA8,0,0.36044
Q13432,Q170K,P61224,0,0.24573
Q00610,Y1289C,P09497,1,0.72277
P55283,R194W,P19022,1,0.77819
P04637,R273L,Q13625,1,0.96093
P04637,R273L,P62993,1,0.78993
P04637,R273L,Q96KQ4,1,0.83139
P04637,R273L,Q8WUF5,1,0.90053
P04637,R273L,Q06187,1,0.80907
P61026,T73S,Q86UR5,0,0.46391
P61026,T73S,Q9BV36,0,0.37489
Q9HCS4,L62Q,P35222,1,0.57588
Q9HC16,R215P,Q8IUX4,1,0.59265
P53597,P122Q,Q9P2R7,1,0.84723
P53597,P122Q,Q96I99,1,0.90263
P12956,E418D,P13010,0,0.31935
P27482,R112Q,P15735,0,0.24439
P27482,R112Q,P16298,0,0.16039
P27482,R112Q,Q15746,0,0.06332
P04637,R280I,Q13625,1,0.88959
P04637,R280I,P62993,1,0.73051
P04637,R280I,Q96KQ4,1,0.68038
P04637,R280I,Q8WUF5,1,0.89219
P04637,R280I,Q06187,1,0.66537
Q9P2J3,Q38E,Q9P2N7,0,0.08457
P15374,N223S,Q15843,0,0.20107
P15374,N223S,P0CG47,0,0.25
P15374,N223S,Q9UMX0,0,0.20622
P15374,N223S,Q5U5U6,0,0.31061
P04637,H179Y,Q13625,1,0.77052
P04637,H179Y,Q9H9B1,1,0.72082
P04637,H179Y,Q9H3D4,1,0.81615
P04637,H179Y,O15350,1,0.85901
P04637,H179Y,Q96KQ4,1,0.76025
P04637,H179Y,Q99728,1,0.6131
P04637,H179Y,O75832,1,0.72722
P04637,H179Y,Q9ULT8,1,0.73817
P04637,H179Y,Q96KQ7,1,0.66196
P04637,H179Y,H2EHT1,1,0.65499
P04637,H179Y,K7PPA8,1,0.63344
P04626,P856R,Q92625,1,0.51506
P04626,P856R,Q96SB4,1,0.7269
Q9Y6B7,L499S,Q9UPM8,1,0.62886
Q9Y6B7,L499S,B4DM48,1,0.53286
P35609,P85H,Q9UQM7,1,0.50839
P35609,P85H,Q13557,1,0.6126
O15232,L82W,P21941,1,0.75621
O15232,L82W,O95460,1,0.8044
Q15019,T186N,Q6ZU15,0,0.40145
Q15019,T186N,Q99719,0,0.2982
Q15019,T186N,Q9UHD8,0,0.28889
Q15019,T186N,Q9NVA2,0,0.24039
Q15019,T186N,Q16181,0,0.28791
Q15019,T186N,B1AMS2,0,0.32559
Q15019,T186N,Q541S4,0,0.32559
Q15019,T186N,Q548C9,0,0.32559
Q03181,G234D,P22736,0,0.43579
Q15413,R279S,Q92736,0,0.38104
P12956,T302I,P13010,0,0.30126
O95835,A748T,Q96J84,1,0.67075
O95835,A748T,P53667,0,0.49299
O95835,A748T,P04049,0,0.34106
P17612,G215R,P62834,1,0.63195
P17612,G215R,P31321,1,0.97777
P17612,G215R,P31323,1,0.96294
P17612,G215R,P61224,1,0.7676
P30876,S250R,P24928,1,0.54536
O43353,I208N,Q16539,0,0.44808
O43353,I208N,Q13546,1,0.54861
Q9NR22,M247R,Q99873,1,0.76341
Q9NR22,M247R,Q59GT2,1,0.83241
Q9NR22,M247R,B4DJ87,1,0.58389
Q9NR22,M247R,H7C2I1,1,0.7804
P51168,V434M,P51172,0,0.28814
Q15842,L132P,Q14654,1,0.69387
P08833,E192G,Q59GC5,0,0.38466
P42263,P344L,P42262,1,0.60991
Q13616,E760D,Q6PH85,0,0.16705
Q13616,E760D,Q15843,0,0.3858
Q13616,E760D,P0CG47,0,0.28343
Q13616,E760D,Q8IWE4,0,0.38986
Q13616,E760D,Q92564,0,0.19068
Q13616,E760D,Q9BTE7,0,0.12403
Q13616,E760D,P62877,0,0.17474
P25054,W593L,Q96KQ4,1,0.67248
P25054,W593L,Q9ULH1,1,0.65181
P25054,W593L,Q8IVI9,1,0.5652
Q9UIG0,F1412S,Q9UPN9,1,0.68258
Q9UIG0,F1412S,Q9UIF9,1,0.7294
Q8IWL2,H112Q,P35247,0,0.2769
P02775,G48V,P13501,0,0.44547
P02775,G48V,P80162,1,0.73259
Q08881,D202A,P19174,1,0.81315
P01375,L151F,Q5STB3,0,0.13483
Q15700,R326M,Q12959,1,0.64971
P50991,E459D,Q9NPJ1,1,0.64103
P50991,E459D,P48643,1,0.7726
P04637,R273C,Q13625,1,0.95051
P04637,R273C,P62993,1,0.74867
P04637,R273C,Q96KQ4,1,0.86417
P04637,R273C,Q8WUF5,1,0.88287
P04637,R273C,Q06187,1,0.73897
O43390,R232H,Q14103,0,0.34757
O43390,R232H,P11940,1,0.60004
O43390,R232H,Q9GZT3,0,0.40097
O43390,R232H,Q13148,0,0.26569
Q9NPH3,V428L,Q99836,0,0.28022
P78371,A14T,Q9NPJ1,0,0.17754
P78371,A14T,P49368,0,0.19525
P78371,A14T,P50990,0,0.18297
P78371,A14T,Q92526,0,0.20392
P19784,R81Q,Q00536,1,0.54344
P19784,R81Q,P24941,1,0.79044
P19784,R81Q,Q13153,0,0.37321
P19784,R81Q,Q9UK58,1,0.59782
P19784,R81Q,Q96S94,1,0.54234
P19784,R81Q,P21127,1,0.70862
P19784,R81Q,O75909,0,0.48273
Q9UHY1,E47K,P49841,1,0.60136
P21817,Q980H,Q92736,0,0.45571
P31321,Y207F,P17612,1,0.65303
P31321,Y207F,P22694,1,0.59703
P31321,Y207F,P00533,1,0.55624
P31321,Y207F,P22612,1,0.63349
P31321,Y207F,Q9H4A3,1,0.60701
Q9Y5X2,F89L,Q13596,0,0.38382
P05231,S146G,P40189,1,0.6978
P05231,S146G,D6RH03,1,0.61199
Q9UBS0,F345S,P12931,1,0.69405
P20807,L677I,Q8WZ42,1,0.60263
Q63ZY3,H782Q,P68400,0,0.49728
Q63ZY3,H782Q,J3KNW4,0,0.39017
Q63ZY3,H782Q,P61968,1,0.79087
Q63ZY3,H782Q,Q14192,0,0.35757
Q63ZY3,H782Q,Q2XQU9,0,0.40506
Q63ZY3,H782Q,Q6I9R8,0,0.39017
Q92796,A280V,Q12959,1,0.66154
P12931,N394S,Q96NS5,1,0.62676
P12931,N394S,P68400,1,0.5576
P12931,N394S,P54756,1,0.707
O14896,P104S,Q13568,1,0.70799
Q08462,G298C,Q08828,1,0.51531
Q08462,G298C,P04899,1,0.85593
P36897,G217A,O00238,1,0.6879
Q9Y566,P555L,Q14155,1,0.76054
Q9Y566,P555L,B7Z6G2,1,0.75368
Q13424,L113V,Q92783,1,0.65417
Q13424,L113V,Q9Y2H9,1,0.75822
Q8TEU7,L959R,P10114,0,0.40748
Q8TEU7,L959R,O14807,1,0.52428
P07384,M640L,Q15418,1,0.52279
Q9Y566,G380R,Q15349,1,0.66851
P04637,R248W,Q13625,1,0.91087
P04637,R248W,P62993,1,0.76734
P04637,R248W,Q9H3D4,1,0.775
P04637,R248W,Q96KQ4,1,0.80914
P04637,R248W,Q8WUF5,1,0.75415
P04637,R248W,P07948,1,0.79268
P04637,R248W,Q06187,1,0.78223
P04637,R248W,H2EHT1,1,0.77912
P04637,R248W,K7PPA8,1,0.82859
Q92974,R400C,P63000,1,0.7787
Q92974,R400C,P61586,0,0.47626
Q92974,R400C,P62070,1,0.64761
P32238,L358P,P32239,1,0.70828
Q7LG56,V43F,P31350,1,0.6223
Q12860,R276Q,Q02246,0,0.28037
Q92796,A310P,Q12959,1,0.69767
O60880,H8P,P62993,1,0.94387
P01008,S426L,Q92876,0,0.29796
P01008,S426L,P00747,0,0.36473
P01008,S426L,P00734,1,0.5577
P40145,R1009H,O60503,0,0.34951
O14818,C91Y,P28070,1,0.79117
O14818,C91Y,P28074,1,0.85411
O14818,C91Y,P28062,1,0.87187
O14830,A19T,P62158,0,0.44448
O14830,A19T,B4DJ51,0,0.43889
O14830,A19T,E7ETZ0,0,0.36434
P35548,Y166N,Q07687,1,0.7941
P35548,Y166N,P56178,1,0.81
P35548,Y166N,P28360,1,0.83039
P36956,I343V,Q12772,1,0.52574
P36956,I343V,Q02535,1,0.55246
P36956,I343V,P22415,1,0.5419
P36956,I343V,Q8WVJ9,1,0.54144
P35527,K390N,P04264,0,0.063
P21673,W154C,Q96F10,1,0.77069
P21673,W154C,I3L0W4,1,0.60645
P21673,W154C,Q6ICU9,1,0.87497
Q8IV61,N283S,P01112,0,0.46344
Q8IV61,N283S,P01116,0,0.4081
O76081,E335G,P63096,1,0.90606
O76081,E335G,P19086,1,0.71591
O76081,E335G,B3KP24,1,0.76218
O76081,E335G,F5GZL8,1,0.69258
O76081,E335G,P04899,1,0.83916
Q9BYE7,P181L,Q9BSM1,1,0.75515
P49023,K407E,Q14161,0,0.26862
P49023,K407E,Q13418,0,0.35374
P49023,K407E,O43150,0,0.21413
P49023,K407E,Q9Y2X7,0,0.31578
Q8NDN9,N404T,Q13616,0,0.05848
Q8NDN9,N404T,Q13617,0,0.22148
Q8NDN9,N404T,Q13618,0,0.18263
P49427,L130I,P54725,1,0.70554
Q9P286,R656W,P60953,1,0.71546
Q9P286,R656W,P63000,1,0.76717
P25103,T357S,P30411,0,0.34773
Q9Y6J9,E6V,Q16594,0,0.44118
Q9BRZ2,C24S,P62256,1,0.85997
Q13349,D1095E,P05556,0,0.26476
Q13349,D1095E,P05107,0,0.40848
P34896,E32D,P34897,0,0.20632
P04626,R459W,Q7Z6G8,1,0.50358
P04626,R459W,P21860,1,0.775
P61586,D76N,Q9NR81,0,0.37565
P61586,D76N,Q12774,0,0.4878
P61586,D76N,Q9NZN5,0,0.30617
P61586,D76N,Q86VW2,0,0.43913
P61586,D76N,P11274,0,0.29988
P61586,D76N,Q96N67,0,0.33838
P61586,D76N,O15068,0,0.45715
P61586,D76N,P10911,0,0.45
P61586,D76N,O43924,1,0.76716
P61586,D76N,Q9H7P9,0,0.34895
P61586,D76N,O43157,1,0.52278
P61586,D76N,Q13972,0,0.32691
P61586,D76N,O75962,0,0.32357
P61586,D76N,Q9UKW4,0,0.31224
P61586,D76N,Q7Z628,0,0.43209
P61586,D76N,Q12802,0,0.323
P61586,D76N,Q92888,0,0.31291
P61586,D76N,Q92974,0,0.34099
P61586,D76N,Q9NR80,0,0.46228
P61586,D76N,O15085,0,0.31384
P61586,D76N,Q6ZSZ5,0,0.2665
P61586,D76N,P52735,0,0.34649
P08476,V420M,P09529,1,0.58425
P08476,V420M,P05111,1,0.52091
P08476,V420M,P55103,1,0.52831
P08476,V420M,A4D1W7,1,0.51825
Q07955,R51C,P61326,1,0.80675
Q14324,E295K,Q13203,1,0.68563
Q14324,E295K,Q00872,1,0.53788
Q14324,E295K,Q8WZ42,1,0.6703
Q15172,Q324K,P67775,0,0.32153
Q15172,Q324K,P62714,0,0.29431
Q15172,Q324K,B3KUN1,0,0.38124
P62879,L284R,P50151,1,0.7302
P62879,L284R,Q9UK08,1,0.7032
P62879,L284R,Q9UBI6,1,0.65356
P62879,L284R,Q9P2W3,1,0.56518
P62879,L284R,P63211,1,0.83772
P62879,L284R,P50150,1,0.6482
P62879,L284R,P63218,1,0.56379
P62879,L284R,O14610,1,0.66066
P62879,L284R,O60262,1,0.63466
P62879,L284R,P59768,1,0.69525
P62879,L284R,P63215,1,0.66833
P62879,L284R,P49758,1,0.55809
P62879,L284R,B1APZ0,1,0.65176
P62324,I121V,Q9UFF9,0,0.09779
P62324,I121V,Q9UIV1,0,0.19724
P62324,I121V,B0AZS3,0,0.11215
P62324,I121V,B7Z8R1,0,0.15284
O95671,D382H,B3KM43,1,0.57883
P11172,D25E,P07741,0,0.13848
P07948,V303L,P46527,1,0.64809
P01031,E621D,P01024,0,0.15238
Q9UBL9,K335E,P56373,0,0.314
Q9Y2K1,M653L,Q8N680,0,0.06042
Q9Y2K1,M653L,Q7Z3I7,0,0.35441
P21675,D1416E,Q9Y294,1,0.80436
P21675,D1416E,Q9NVP2,1,0.67962
P36406,G437V,Q99418,1,0.76455
P36406,G437V,Q15438,1,0.69069
P36406,G437V,Q64LD2,1,0.54622
P36406,G437V,Q9NPJ8,1,0.65016
P36406,G437V,Q9NU19,1,0.76478
P51813,K313Q,P42680,0,0.08345
Q5S007,P2095A,Q9HBH9,0,0.44635
Q9NR81,T305S,P62745,0,0.33063
O95393,P396S,P27037,1,0.61593
O95393,P396S,Q13705,1,0.80666
P61106,L166V,Q6XUX3,1,0.50839
P61106,L166V,Q14164,0,0.3291
Q9Y6N7,P303S,O94813,1,0.66275
Q9Y572,S275F,O14974,0,0.39217
Q05655,G544V,Q14289,1,0.53402
Q05655,G544V,P51617,1,0.58378
Q05655,G544V,Q05513,1,0.69361
Q05655,G544V,Q9Y2U5,1,0.6422
Q05655,G544V,Q99759,1,0.59499
Q05655,G544V,P36507,1,0.77554
Q05655,G544V,Q9Y243,1,0.61636
Q05655,G544V,P05198,1,0.78199
Q05655,G544V,P05771,1,0.73792
Q9HAV0,Q75K,P63096,1,0.65559
Q9HAV0,Q75K,Q13371,1,0.5663
P61077,R15H,P0CG48,0,0.32654
P61077,R15H,Q13490,1,0.50108
P61077,R15H,Q96CA5,1,0.55295
P61077,R15H,Q96FW1,0,0.24132
P61077,R15H,O43164,0,0.246
P61077,R15H,Q8WZ73,0,0.46079
P61077,R15H,Q06587,0,0.48816
P61077,R15H,Q9NS56,0,0.26914
P61077,R15H,Q9UPQ4,1,0.514
P61077,R15H,P05161,0,0.18902
P61077,R15H,Q6ZN04,0,0.48959
P61077,R15H,Q86YT6,1,0.50803
P78362,N267T,O96013,1,0.50395
P78362,N267T,Q96SB4,1,0.54599
P29597,E636D,P19525,0,0.48952
O95835,R1020T,P53350,1,0.64878
P35241,I208R,P15311,1,0.6451
Q9H4E5,H57P,Q96BY6,1,0.52861
Q9H4E5,H57P,Q8NF50,1,0.70403
Q9H4E5,H57P,Q13153,0,0.43285
Q9H4E5,H57P,A8K5M4,1,0.59301
Q9H4E5,H57P,B3KYB0,0,0.49792
Q9H4E5,H57P,G5E9R2,1,0.50907
Q9H4E5,H57P,Q13177,1,0.59301
Q9H4E5,H57P,Q9NQU5,0,0.4974
O60307,N407T,P54646,1,0.50014
P68431,R117Q,Q9Y294,1,0.50204
P68431,R117Q,Q9UER7,0,0.35843
P68431,R117Q,Q9NVP2,0,0.45689
P68431,R117Q,P49450,1,0.72374
P68431,R117Q,O75367,1,0.75821
P78371,N519S,Q9NPJ1,0,0.25243
P78371,N519S,P48643,0,0.2029
P78371,N519S,P49368,0,0.2197
P78371,N519S,P50990,0,0.30355
P78371,N519S,Q92526,0,0.36283
P78371,N519S,P40227,0,0.31545
P04637,R249G,Q13625,1,0.89332
P04637,R249G,P62993,1,0.84702
P04637,R249G,Q96KQ4,1,0.92477
P04637,R249G,Q8WUF5,1,0.7957
P04637,R249G,P07948,1,0.86933
P04637,R249G,Q06187,1,0.76494
Q9Y6X6,D62N,P36873,1,0.6186
Q9Y6X6,D62N,P62136,0,0.34335
Q9UKE5,E166V,P28482,1,0.89589
O00238,S310R,Q9H5K3,0,0.39327
P01106,Q380H,Q99583,0,0.30171
P01106,Q380H,P50539,0,0.48365
P01106,Q380H,Q8TAX8,0,0.46051
P40939,E288Q,P55084,0,0.24172
O95835,V936D,O14974,1,0.54837
Q12967,Q155R,P61224,0,0.42663
Q9UBS0,V81A,Q06187,1,0.65841
P42262,L488H,O43424,1,0.59393
P33151,D714E,O60716,0,0.22497
Q12959,P464R,O14936,1,0.58538
Q12959,P464R,Q14168,1,0.59672
P61086,D33N,P22314,0,0.14925
P42685,S145R,P41240,1,0.81935
P42685,S145R,P06241,1,0.80576
Q00537,K343N,P29317,0,0.30678
P50616,S91N,Q9UIV1,1,0.59345
Q16512,E780A,Q15759,1,0.55155
Q16512,E780A,P53778,1,0.62233
Q16512,E780A,Q16539,1,0.69052
Q14209,V175M,Q14188,1,0.63088
P01903,M98I,P01912,0,0.1928
P01903,M98I,P13760,1,0.51318
P01903,M98I,P28068,0,0.11608
P01903,M98I,P04229,1,0.50662
P01903,M98I,P02686,0,0.21548
P01903,M98I,D7RIH8,0,0.25737
P01903,M98I,P01911,0,0.25737
P01903,M98I,P79483,0,0.11909
P01903,M98I,Q29974,0,0.23249
P01903,M98I,Q30154,0,0.36508
P01903,M98I,Q5Y7D1,0,0.1899
Q9ULJ8,T538A,Q96SB3,1,0.7335
P27338,F274I,B7Z242,1,0.50182
P62879,A193D,P49758,1,0.55867
P08246,W156G,P01009,1,0.81431
P08246,W156G,Q9UIV8,1,0.69681
P08246,W156G,P08519,1,0.66383
P04629,D537E,Q9ULH0,0,0.12974
Q13748,T253P,P23258,0,0.41438
P23760,P244T,P50221,1,0.83917
P16234,G185E,P01127,1,0.7572
Q8WVZ7,R262L,P62256,0,0.14891
Q15633,V180G,O75569,1,0.76786
Q99963,V343M,Q96B97,0,0.45616
Q99963,V343M,Q5HYK7,1,0.67121
Q99963,V343M,Q5JPT6,0,0.49212
Q92630,R386C,Q8WZ42,1,0.57239
P05771,C386S,P13591,0,0.47521
P05771,C386S,P57078,1,0.62226
P04637,R273P,Q13625,1,0.92141
P04637,R273P,P62993,1,0.81094
P04637,R273P,Q96KQ4,1,0.82814
P04637,R273P,Q8WUF5,1,0.89969
P04637,R273P,Q06187,1,0.79955
P45844,R213Q,Q9H222,0,0.38674
Q13554,K138N,P23458,0,0.41336
Q13554,K138N,Q96S95,0,0.49221
Q13554,K138N,O60674,0,0.47921
Q9UHC3,P259S,Q16515,1,0.67774
P55899,S60R,P61769,0,0.29892
P54105,R43C,P62304,1,0.71568
P54105,R43C,P62312,1,0.69
P54105,R43C,P62308,1,0.81457
P29322,D158N,P52798,1,0.73563
P29322,D158N,P52803,1,0.7173
P29322,D158N,P20827,1,0.63355
P28221,A160T,P28222,0,0.37858
Q9NRF9,I15L,Q9NR33,0,0.36602
Q9NRF9,I15L,Q14919,0,0.35331
Q13557,L388V,Q13554,0,0.43876
Q13557,L388V,Q9UQM7,0,0.46349
Q13557,L388V,D6R938,0,0.36791
Q13557,L388V,E9PF82,0,0.36791
P67775,R121T,Q15173,1,0.63867
P67775,R121T,Q15172,1,0.54401
P67775,R121T,Q14738,1,0.60687
P67775,R121T,Q13362,1,0.71877
P67775,R121T,Q16537,1,0.61427
P49770,R228S,Q14232,1,0.7184
P04637,S241F,Q13625,1,0.87486
P04637,S241F,P62993,1,0.77838
P04637,S241F,Q9H3D4,1,0.86451
P04637,S241F,Q96KQ4,1,0.90742
P04637,S241F,Q8WUF5,1,0.6
P04637,S241F,P07948,1,0.82052
P04637,S241F,Q06187,1,0.85033
P04637,S241F,Q96KQ7,0,0.46571
P04637,S241F,H2EHT1,1,0.84439
P04637,S241F,K7PPA8,1,0.8938
P06737,R270G,P11216,1,0.76192
O14594,E1141V,Q92752,1,0.76984
O14594,E1141V,P24821,1,0.72226
P48058,P516L,P42261,1,0.8079
Q9P0J1,D144H,Q05655,1,0.63823
Q9BUB5,N71D,Q9H2X6,0,0.27846
O60237,R215C,O60285,1,0.75064
O60237,R215C,P62140,1,0.68062
O60237,R215C,Q13464,1,0.80218
P56945,L787F,Q9BRG2,0,0.35605
P56945,L787F,Q8N5H7,0,0.32161
P56945,L787F,B3KNL6,1,0.50573
P56945,L787F,B3KP06,0,0.44772
P12931,A374P,Q96NS5,1,0.64699
P49802,E255K,O14775,0,0.27675
Q04912,D1061G,O60674,1,0.73539
P46531,G2028D,P49841,1,0.78045
P49760,R406G,P31749,1,0.65141
P54753,P74H,P52799,0,0.45283
P54753,P74H,Q15768,0,0.38318
Q9Y2X8,D112N,Q9NVW2,0,0.32959
Q14289,E433Q,O15530,0,0.38194
P04637,C277F,Q13625,1,0.78847
P31751,Q205H,O15394,1,0.64109
Q13003,T95S,Q16478,0,0.2663
Q5S007,P1446L,P43487,1,0.81771
Q5S007,P1446L,P49792,1,0.75363
Q9UKP4,R585H,P01023,1,0.70463
Q01968,L863F,P60953,0,0.2538
Q01968,L863F,P61106,1,0.56694
Q01968,L863F,P63000,0,0.34413
Q01968,L863F,Q9H0U4,0,0.33421
Q01968,L863F,Q13636,0,0.3156
Q01968,L863F,P62820,1,0.64643
Q01968,L863F,P20339,0,0.36693
Q01968,L863F,P20340,0,0.36672
Q01968,L863F,P20336,0,0.33095
Q01968,L863F,P61006,1,0.62307
Q01968,L863F,P51153,0,0.1433
Q01968,L863F,Q53ET8,0,0.32991
Q01968,L863F,Q5U0I6,1,0.51878
Q13148,T157A,Q12926,0,0.30065
Q13148,T157A,P11940,0,0.20789
Q13148,T157A,Q13310,1,0.54495
Q13148,T157A,O15042,0,0.46286
P18564,D279Y,P06756,1,0.57607
Q8NBE8,F148Y,Q13618,0,0.18076
Q9Y6X6,R47S,P36873,0,0.39276
Q9Y6X6,R47S,P62136,0,0.27642
P43146,R130W,Q9Y6N7,1,0.78836
O60469,N1341S,Q13153,1,0.63435
O60469,N1341S,Q9BXB1,0,0.2952
Q9BWF2,P47A,P62256,1,0.61391
Q9BWF2,P47A,P61086,1,0.59986
Q9BWF2,P47A,Q5VVX9,1,0.60163
Q9BWF2,P47A,P51668,1,0.60126
Q9BWF2,P47A,P62837,1,0.75594
Q9BWF2,P47A,P61077,1,0.60892
Q9BWF2,P47A,Q9H832,1,0.70406
Q9NSE2,N143K,P17252,0,0.25744
Q14183,D120H,O14795,1,0.7144
P01024,T877N,P20023,0,0.33125
P04637,P250L,P62993,1,0.62486
P04637,R273H,Q13625,1,0.91266
P04637,R273H,P62993,1,0.71051
P04637,R273H,Q96KQ4,1,0.89863
P04637,R273H,Q8WUF5,1,0.62756
P04637,R273H,Q06187,1,0.79875
Q15459,R788G,Q13618,1,0.70851
Q15459,R788G,Q9HCE7,1,0.73146
Q15459,R788G,O15205,1,0.53883
O95671,T360I,B3KM43,0,0.18668
P02671,L699Q,P02675,1,0.72663
P08514,Y815F,P16144,0,0.44829
P08514,Y815F,Q92752,1,0.57786
Q14344,D120H,Q9NZN5,0,0.20327
Q9UDY8,K543R,A8K5S1,0,0.12293
P10643,E585A,P01031,0,0.26937
P04637,C176Y,O15350,1,0.78786
P04637,C176Y,Q96KQ7,1,0.70868
O00329,E1009V,P48736,1,0.72074
P42345,Y2253F,P62873,0,0.48707
Q15418,D499N,P07384,0,0.41359
Q92569,Y419S,P42338,1,0.97035
P01111,Q61R,P55196,0,0.46369
P01111,Q61R,Q7LDG7,0,0.45162
P01111,Q61R,Q9P212,0,0.4506
P01111,Q61R,O15211,0,0.44345
P01111,Q61R,Q9H0H5,1,0.50833
P01111,Q61R,P98171,1,0.5034
P04049,Q66H,P62834,1,0.82642
P04049,Q66H,P01112,1,0.7697
P04049,Q66H,P15056,1,0.70621
P04049,Q66H,P60953,1,0.64378
P04049,Q66H,P10114,1,0.78417
P04049,Q66H,Q7Z444,1,0.76476
P04049,Q66H,O14807,1,0.78509
P04049,Q66H,P01111,1,0.68389
P04049,Q66H,Q15382,1,0.76056
P04049,Q66H,P62070,1,0.69281
P49116,Y151N,P03372,1,0.93448
Q13177,Q121E,Q9BUB5,0,0.1919
Q13177,Q121E,Q13153,0,0.21985
Q13177,Q121E,Q07912,0,0.14273
Q13177,Q121E,P53667,0,0.23318
Q13177,Q121E,Q15746,0,0.32331
Q13177,Q121E,P04049,0,0.14828
Q02153,L354F,Q02108,0,0.29822
O43566,R517S,P63096,0,0.49799
O43566,R517S,P08754,1,0.57807
O43566,R517S,P09471,1,0.5655
O43566,R517S,P29992,0,0.40282
O43566,R517S,Q5TZX1,1,0.66119
P00748,T62I,P39900,0,0.46873
P00748,T62I,P45452,0,0.40514
P00748,T62I,P50281,0,0.46066
P62807,S57C,P16104,1,0.50913
P68431,D82Y,P62805,1,0.69935
P68431,D82Y,Q9UER7,1,0.52677
O60506,D176N,Q9NQ94,1,0.59567
O60506,D176N,P52272,1,0.62813
O60506,D176N,O43390,1,0.59124
P07949,G727V,Q16539,1,0.55209
P07949,G727V,Q38SD2,1,0.73504
P21802,E710G,P50750,0,0.45186
P21802,E710G,P54764,1,0.55796
Q99733,L73V,P55209,0,0.2859
Q08043,R100P,O43707,1,0.76046
Q08043,R100P,B4DZQ2,1,0.80673
Q08043,R100P,P12814,1,0.74147
Q9H2K8,L154F,P52564,1,0.69666
Q96RR4,F331Y,P51617,1,0.58326
P78396,L330F,P12931,0,0.37187
Q13114,M402L,A6NHG8,0,0.08438
P30926,K263T,P30532,1,0.8237
P30926,K263T,P32297,1,0.68267
P10276,K94R,P02751,0,0.17305
P11940,D307Y,P19338,1,0.8045
P11940,D307Y,Q9BWF3,1,0.74327
P11940,D307Y,Q9Y5S9,1,0.74669
P11940,D307Y,P09651,1,0.73831
P11940,D307Y,O60506,1,0.71702
P11940,D307Y,O43390,1,0.70651
P11940,D307Y,Q14103,1,0.76031
Q8NEB9,A619V,Q9UBF8,0,0.1216
P49840,E405Q,P20749,0,0.36991
P06732,E19V,P12277,1,0.92056
O43312,D22V,A5YM41,1,0.71046
P04271,C85F,P23297,1,0.76727
P04271,C85F,P26447,1,0.81992
P04271,C85F,P31949,1,0.66726
P04271,C85F,P06703,1,0.63369
P04271,C85F,P25815,1,0.72069
Q96M94,I58M,Q13618,0,0.11667
P62995,N180S,Q14498,1,0.69216
P62995,N180S,Q15287,0,0.41537
P62995,N180S,Q01130,0,0.4659
P62995,N180S,P84103,1,0.56744
P62995,N180S,Q08170,1,0.67425
P62995,N180S,Q13247,0,0.44683
P62995,N180S,Q16629,1,0.71649
P62995,N180S,O75494,0,0.34119
P62995,N180S,Q01085,1,0.61799
O75494,K91Q,Q13595,0,0.41074
O75494,K91Q,P61326,0,0.45535
O75494,K91Q,Q08170,0,0.45228
O75494,K91Q,P62995,1,0.51584
Q02410,S478A,P05067,0,0.2596
Q92828,N91K,O60907,0,0.47491
P23468,R1798Q,Q13332,1,0.66686
P23468,R1798Q,P23469,1,0.61315
Q96RU3,V579A,Q15811,1,0.66402
P16104,Q105H,Q71DI3,1,0.67724
P16104,Q105H,P49450,1,0.66839
P16104,Q105H,P62807,0,0.31681
P16104,Q105H,Q16695,1,0.66479
P16104,Q105H,Q16778,0,0.36262
P16104,Q105H,P68431,1,0.74944
P08514,T814P,P16144,0,0.48297
P08514,T814P,Q92752,1,0.72717
P24821,V631L,P02751,0,0.22051
O60346,E1060Q,P12830,0,0.12133
Q9BYV2,M125R,Q9UJV3,1,0.59274
P02675,Y172S,P02671,0,0.29364
Q9NUP9,Q113H,Q12959,1,0.7039
Q9NUP9,Q113H,Q02410,1,0.71332
Q9P2P5,R1202K,Q76N89,0,0.38247
Q9UPM8,M152I,Q9Y587,0,0.35667
P32119,C172S,Q13162,1,0.81158
P32119,C172S,P30041,1,0.85943
Q9H1E5,P65T,Q9H3N1,1,0.75865
Q9H1E5,P65T,Q9Y320,0,0.46931
Q9H1E5,P65T,Q96JJ7,1,0.69649
Q07817,N33S,O43521,1,0.65297
Q07817,N33S,Q07812,1,0.52414
Q07817,N33S,Q96LC9,0,0.15901
Q6UXL0,A211P,Q9NYY1,0,0.32841
P41240,A407P,P04626,0,0.14386
P41240,A407P,P21860,0,0.21538
P04637,C275Y,Q9H3D4,1,0.89297
P08519,G1064D,Q9UNI1,1,0.68937
P30411,L234Q,P32246,1,0.74945
P30411,L234Q,P25101,0,0.40649
P30411,L234Q,P30968,0,0.47799
P30411,L234Q,P25105,0,0.45252
P00533,V461M,Q7Z6G8,1,0.63474
Q15399,A476T,O00206,1,0.64817
Q06587,I110S,Q9BYE7,1,0.93207
Q06587,I110S,P35227,1,0.87581
Q06587,I110S,Q86SE9,1,0.9366
Q06587,I110S,P35226,1,0.9607
Q06587,I110S,Q3KNV8,1,0.91639
P58166,S324C,P19883,1,0.7706
Q9UQB9,S261A,Q96GD4,0,0.21089
Q9UQB9,S261A,Q5S007,0,0.11448
Q13705,Y31F,O95393,1,0.57748
Q13705,Y31F,Q9UK05,0,0.37638
Q14CN4,G378R,Q04695,1,0.5106
Q14CN4,G378R,P05783,1,0.61586
Q14CN4,G378R,Q6A162,0,0.4868
P04637,H179R,Q13625,1,0.85308
P04637,H179R,Q9H9B1,1,0.72843
P04637,H179R,Q9H3D4,1,0.7638
P04637,H179R,O15350,1,0.83702
P04637,H179R,Q96KQ4,1,0.79778
P04637,H179R,Q99728,1,0.76373
P04637,H179R,O75832,1,0.75718
P04637,H179R,Q9ULT8,1,0.72019
P04637,H179R,Q96KQ7,1,0.68915
P04637,H179R,H2EHT1,1,0.83933
P04637,H179R,K7PPA8,1,0.78172
Q9UI10,D498G,P49770,1,0.59808
Q9UI10,D498G,Q53XC2,1,0.69227
O75489,F202L,O75306,1,0.735
Q8WXE9,W861G,Q96CW1,1,0.67178
Q9NYN1,E61V,O00238,1,0.61959
Q9UPT9,R165G,A6NNY8,0,0.46914
Q05397,A685D,P08631,0,0.39047
Q05397,A685D,P12931,0,0.48454
Q05397,A685D,P12814,1,0.53187
Q05397,A685D,P29317,1,0.5396
Q05397,A685D,P21860,0,0.40376
Q05397,A685D,P06241,0,0.40343
Q05397,A685D,O75962,0,0.31573
O95714,D523A,P60953,0,0.41833
P52907,V36I,P47756,1,0.63501
P55036,E283K,Q15843,1,0.62693
P55036,E283K,P54725,1,0.56596
P55036,E283K,P54727,1,0.69747
P55036,E283K,P0CG47,1,0.61934
P55036,E283K,A8K1J3,1,0.59731
P55036,E283K,B7Z4W4,1,0.68895
P49798,S131C,P63096,1,0.68452
P49798,S131C,P04899,0,0.31723
P49798,S131C,P50148,0,0.32217
Q7KZI7,D251H,Q9BXM7,1,0.76173
Q7KZI7,D251H,Q96GD4,1,0.59307
Q7KZI7,D251H,Q14012,0,0.42096
Q7KZI7,D251H,Q02156,1,0.59258
Q7KZI7,D251H,P61586,1,0.59239
Q7KZI7,D251H,Q15831,0,0.44805
Q7KZI7,D251H,P41743,0,0.45421
Q7KZI7,D251H,Q99759,0,0.33061
Q7KZI7,D251H,Q9P0L2,1,0.53303
Q7KZI7,D251H,Q13131,0,0.40944
Q7KZI7,D251H,P31749,0,0.43835
Q7KZI7,D251H,A8K2S4,0,0.48964
Q7KZI7,D251H,E9PC69,1,0.5168
P08697,M267I,P03951,1,0.65481
P08697,M267I,P00746,1,0.68455
Q92750,L655H,Q16514,1,0.91386
P52333,T551A,Q02750,1,0.53815
Q16777,E42A,Q96A08,0,0.41771
Q16777,E42A,Q16778,0,0.47274
P36897,H392D,Q9UIK4,1,0.52523
P36897,H392D,O95747,1,0.6564
Q6PJI9,A188V,P78406,0,0.38572
Q6PJI9,A188V,P61964,0,0.35733
O96017,I274M,Q9UBU7,0,0.47554
P28335,E197D,P30411,0,0.15372
P28335,E197D,P25116,0,0.06684
Q969H0,R505C,P42345,1,0.84084
Q969H0,R505C,A6NE52,1,0.51204
O43639,P317R,P15882,1,0.56377
Q9H3D4,T329P,P04637,1,0.85969
Q9H1K0,Q450K,P51148,0,0.20815
Q9H1K0,Q450K,Q969Q5,0,0.25124
O14775,D168Y,Q13371,1,0.56764
O14775,D168Y,P30679,1,0.69014
O60346,V733I,Q6ZVD8,0,0.09194
Q13554,E569Q,Q13557,1,0.71003
Q13554,E569Q,A4D2J9,1,0.69551
Q5T2T1,L83V,O14910,1,0.5663
Q9Y2T1,Y93F,O15169,0,0.33201
O95460,A548V,O00339,0,0.47769
P30411,R196Q,P11229,1,0.57243
O75843,R167W,P61966,1,0.6577
O75843,R167W,P56377,1,0.54726
Q9UK80,A468S,Q93009,0,0.07286
Q9UK80,A468S,P0CG47,0,0.11478
Q9UK80,A468S,Q5U5U6,0,0.10322
Q12923,P1523A,Q8TEU7,0,0.4021
Q9Y297,F514Y,Q15910,0,0.34149
P52735,R698M,Q13094,1,0.80874
Q04721,C335Y,Q9Y219,1,0.80347
Q9Y3B4,N81T,P09661,1,0.92922
Q9Y3B4,N81T,Q15427,1,0.77693
Q9Y3B4,N81T,P08579,1,0.88279
Q9Y3B4,N81T,P38159,1,0.7657
Q9BV40,M27I,P32856,0,0.30734
Q9BV40,M27I,O43752,0,0.49205
Q9BV40,M27I,O15400,1,0.59153
Q9BV40,M27I,Q9UNK0,1,0.6102
Q9BV40,M27I,Q13277,0,0.29377
Q9BV40,M27I,Q16623,0,0.26961
Q9BV40,M27I,P61266,0,0.2371
Q9BV40,M27I,P60880,0,0.28763
Q9BV40,M27I,Q12846,0,0.42273
Q9BV40,M27I,A8K287,1,0.58376
Q99578,Q78P,Q07889,1,0.67414
Q99578,Q78P,P55196,1,0.71273
Q99578,Q78P,P20339,1,0.8931
Q99578,Q78P,Q9NZL6,1,0.50547
P62068,Y54C,O75317,1,0.58093
Q99075,C132W,P04626,1,0.80404
Q99075,C132W,P00533,1,0.97096
Q99075,C132W,Q15303,1,0.886
P62807,E114K,P16104,0,0.4358
Q99466,M252I,Q9NR61,0,0.27903
O00339,R761K,O95460,0,0.3752
O00339,R761K,P21941,0,0.41544
Q9P2J3,T112P,Q9UJP4,1,0.66312
Q9Y5S2,D126N,Q13163,0,0.43073
P24821,T635M,P02751,0,0.3848
Q8N3E9,D685G,O00443,1,0.74063
Q8N3E9,D685G,O00750,1,0.74315
Q8N3E9,D685G,P05129,1,0.77101
Q99759,T618I,O43707,0,0.29236
Q99759,T618I,P62158,0,0.39916
Q99759,T618I,P23508,0,0.17467
Q99759,T618I,P07948,0,0.29562
Q99759,T618I,O14733,0,0.16085
Q99759,T618I,P60660,0,0.26044
P18433,T672S,P10586,0,0.40841
P18433,T672S,P28827,0,0.29013
Q9Y388,E61D,Q15717,0,0.46226
Q9Y463,Q132E,P42771,0,0.14639
P62873,S84R,P50151,1,0.72778
P62873,S84R,P61952,1,0.77683
P62873,S84R,Q9P2W3,1,0.67826
P62873,S84R,P63211,1,0.68882
P62873,S84R,P59768,1,0.64443
P62873,S84R,P63215,1,0.73091
P62873,S84R,P50150,1,0.73154
P62873,S84R,P63218,1,0.70069
P62873,S84R,O60262,1,0.74336
P62873,S84R,O14610,1,0.70318
P62873,S84R,P49758,1,0.69189
P62873,S84R,Q9UBI6,1,0.66629
P62873,S84R,Q9UK08,1,0.72227
P62873,S84R,B1APZ0,1,0.72523
P84095,T58S,Q9H8V3,1,0.697
P84095,T58S,P52565,1,0.66744
P84095,T58S,Q99819,1,0.643
P84095,T58S,P15498,1,0.625
P84095,T58S,Q14185,1,0.67964
P84095,T58S,Q9UKW4,1,0.69769
Q9Y2J0,E72V,Q9ULW5,1,0.66444
Q9Y2J0,E72V,Q96E17,1,0.73784
Q9Y2J0,E72V,O95716,0,0.48253
Q9Y2J0,E72V,P51159,1,0.62861
Q9Y2J0,E72V,P20336,1,0.66033
Q9Y2J0,E72V,O00194,0,0.38781
Q9Y2J0,E72V,P20337,1,0.76376
Q9Y2J0,E72V,P59190,1,0.53213
Q9Y2J0,E72V,P61006,1,0.57016
P62158,M145I,O00555,0,0.35685
P62158,M145I,Q13936,0,0.35204
P62158,M145I,Q13554,1,0.63216
P62158,M145I,Q9H1R3,0,0.32596
P62158,M145I,P19784,1,0.50164
P62158,M145I,P16591,0,0.20178
P62158,M145I,O14920,0,0.49111
P62158,M145I,O60674,0,0.3821
P62158,M145I,P17612,0,0.4098
P62158,M145I,P22694,0,0.25172
P62158,M145I,P49674,0,0.36903
P62158,M145I,Q14012,0,0.46504
P62158,M145I,Q9UQM7,1,0.54114
P62158,M145I,Q13555,1,0.59395
Q9H1R3,N286D,Q06187,0,0.44789
Q9H1R3,N286D,P10916,0,0.17765
P62805,G42R,P04908,1,0.81575
P62805,G42R,P84243,1,0.69386
P62805,G42R,Q16695,1,0.71207
P62805,G42R,Q71DI3,1,0.66627
P62805,G42R,P49450,1,0.67627
P62805,G42R,Q9UER7,1,0.70236
P62805,G42R,P0C0S5,1,0.77702
P62805,G42R,Q16777,1,0.79337
P62805,G42R,P68431,1,0.73607
P62805,G42R,B4E1C1,1,0.53061
P62805,G42R,Q53F85,1,0.59869
Q8IZ40,D288Y,O60341,1,0.69615
P23246,I403L,Q8WXF1,0,0.46389
O15156,P469T,Q02447,0,0.33313
O15156,P469T,O15062,0,0.33841
O15156,P469T,Q5T942,0,0.33355
P0CG47,R54H,Q9UJ41,1,0.71153
P0CG47,R54H,Q96LD8,1,0.58256
O75155,L913Q,Q13616,1,0.78128
P62805,R79H,P84243,1,0.54111
P62805,R79H,Q71DI3,0,0.40722
P62805,R79H,P49450,0,0.38872
P62805,R79H,Q16514,1,0.69103
P62805,R79H,P06899,1,0.84106
P62805,R79H,Q16778,1,0.79924
O00339,Q803P,O15232,0,0.40244
P55072,R487P,Q96IF9,0,0.47135
Q5S007,I1469M,O60610,0,0.26376
Q5S007,I1469M,Q14974,0,0.26233
Q5S007,I1469M,O00410,0,0.37604
P50213,I258F,P51553,0,0.45906
P50213,I258F,O43837,0,0.4541
Q9BWU1,D269E,P50750,0,0.25058
Q13330,R193S,Q13547,0,0.31278
Q13330,R193S,Q92769,0,0.20294
P27930,V186L,Q9NPH3,0,0.37693
P35225,V51G,P78552,1,0.81484
Q86YT6,E817Q,P61077,0,0.25747
Q86YT6,E817Q,Q96B02,0,0.18741
P68133,G50C,P63261,1,0.74389
P68133,G50C,P42025,1,0.75947
P68133,G50C,Q9NZ32,1,0.69828
P98170,F224L,P55212,1,0.79243
O15409,H559P,Q9H334,1,0.71835
O15409,H559P,Q8IVH2,1,0.78004
O15409,H559P,B7ZLK5,1,0.83526
O15409,H559P,B7ZBM3,1,0.78564
Q8N5V2,K445R,P63000,0,0.07978
Q8N5V2,K445R,P15153,0,0.09258
Q13838,D416H,Q96A72,1,0.52978
Q13838,D416H,P61326,1,0.54434
P19099,G84R,P15538,1,0.74883
P19099,G84R,P05108,1,0.66108
Q8TCU6,C234F,Q15811,1,0.67506
Q12923,I1175M,P50479,0,0.42249
Q13554,R275H,Q9UQM7,1,0.90653
Q13554,R275H,Q13557,1,0.90887
Q13554,R275H,O60674,1,0.7657
Q13554,R275H,P52564,1,0.71421
Q13554,R275H,P27361,1,0.84906
Q13554,R275H,A4D2J9,1,0.89083
Q9Y5Y6,H656P,O43278,1,0.75617
P28072,E103G,Q8TAA3,1,0.79098
P28072,E103G,P25789,1,0.75517
P28072,E103G,P28066,1,0.85434
P28072,E103G,P60900,1,0.7818
Q9UBE8,P235T,Q9H2X6,0,0.29636
Q13432,V110A,P49703,0,0.33497
Q16531,N1005K,Q9C0C7,0,0.42106
Q16531,N1005K,Q96JK2,1,0.5196
Q16531,N1005K,Q92466,1,0.56407
Q16531,N1005K,Q9Y297,0,0.46012
Q16531,N1005K,Q16576,1,0.60082
Q16531,N1005K,Q9NRL3,0,0.48953
Q16531,N1005K,Q9Y6I7,0,0.46465
Q16531,N1005K,Q13216,1,0.63176
Q16531,N1005K,Q8NHY2,1,0.51513
Q16531,N1005K,Q96DI7,1,0.54472
Q16531,N1005K,Q86VZ2,0,0.49106
Q16531,N1005K,P61964,0,0.47925
Q16531,N1005K,Q9BQ67,0,0.4996
Q16531,N1005K,Q13610,0,0.47428
Q16531,N1005K,G3V4J7,1,0.52366
Q9HCE7,D730Y,P61081,1,0.68962
Q9HCE7,D730Y,P61077,1,0.83939
Q9HCE7,D730Y,P68036,1,0.61056
P04637,P177R,Q13625,1,0.84643
P04637,P177R,Q99466,1,0.63261
P04637,P177R,Q9H3D4,1,0.73048
P04637,P177R,O15350,1,0.83522
P04637,P177R,Q96KQ4,1,0.75568
P04637,P177R,O75832,1,0.71998
P04637,P177R,Q96KQ7,1,0.61857
P04637,P177R,H2EHT1,1,0.69804
P04637,P177R,K7PPA8,1,0.776
P04637,P177R,Q53GA5,1,0.68304
O14788,L299V,Q9Y6Q6,0,0.42864
Q13042,M518I,Q8NHZ8,1,0.63634
Q8NCM2,A628V,O95259,0,0.36959
Q5T7P8,S495C,P05771,0,0.20962
Q96BQ3,C30F,P14373,1,0.75417
Q14145,N189K,Q13618,0,0.26636
Q14145,N189K,Q13616,0,0.21672
O95460,R182C,P21941,0,0.37904
P15056,N581S,P53667,1,0.68008
Q13043,R463Q,Q13188,0,0.07988
P06400,A562P,P28749,0,0.43637
Q12798,R164W,P17612,0,0.35765
P04350,E405K,O00221,0,0.33916
P04350,E405K,Q13418,1,0.57709
P04350,E405K,P19838,0,0.34468
P19525,V428I,P29597,0,0.3861
P19525,V428I,P25963,0,0.40615
P51170,T353N,P51172,1,0.58263
P51170,T353N,P37088,1,0.60037
P21817,M80K,Q92736,1,0.56467
O95071,V2687M,P62837,1,0.77391
O95071,V2687M,P61077,1,0.74849
O95071,V2687M,P51965,1,0.53688
O95071,V2687M,P68036,1,0.70733
O95071,V2687M,P49459,1,0.67992
O95071,V2687M,P51668,1,0.76388
O95071,V2687M,Q96LR5,1,0.77692
P18846,L71I,Q92793,0,0.36122
P98160,T3222P,P21781,1,0.80842
P98160,T3222P,P09038,1,0.90502
Q12852,E191V,O14733,1,0.6752
Q12852,E191V,Q16584,1,0.65988
Q12852,E191V,P00533,1,0.85124
Q16288,H622L,P27361,1,0.57182
P06732,D22E,P12277,0,0.47046
Q96P09,E215K,P51965,0,0.2009
Q86VZ2,S240R,Q16531,0,0.19909
P35908,N400S,P13645,0,0.24073
P35908,N400S,A1A4E9,0,0.24043
P35908,N400S,O76015,0,0.31323
P35908,N400S,P08727,0,0.42538
P35908,N400S,P13646,0,0.24043
P35908,N400S,Q15323,0,0.29991
P35908,N400S,Q6A162,0,0.34529
Q9Y6X6,R24H,P36873,1,0.57879
P09619,R849G,Q13322,1,0.5557
P09619,R849G,Q14449,1,0.74542
P09619,R849G,P10398,1,0.73204
P09619,R849G,Q14451,1,0.71667
P42685,I121V,P41240,0,0.35529
P42685,I121V,P06241,0,0.3337
O14682,D134N,Q14145,0,0.32186
O14974,I276T,P06241,1,0.52019
O14974,I276T,Q13976,1,0.66687
O14974,I276T,Q15746,1,0.59047
O14974,I276T,O60285,0,0.31947
O14974,I276T,O95835,0,0.4132
O14974,I276T,O75116,0,0.25881
O14950,C109W,P24941,1,0.67195
O14950,C109W,P53355,1,0.90013
O14950,C109W,Q5S007,1,0.68072
Q9UKK6,E18K,Q9UBU9,0,0.416
Q9UKK6,E18K,Q9H4D5,0,0.30129
Q9UKK6,E18K,Q9GZY0,0,0.17678
Q86YM7,T9I,Q9NSC5,1,0.80077
O00203,D111E,P84077,0,0.29804
O00203,D111E,P84085,0,0.26497
Q9P2A4,T111S,Q96F07,0,0.136
O75083,Y529F,Q16576,0,0.37871
Q99075,F115C,P00533,1,0.81842
O75771,V116G,O43543,1,0.6
Q9Y6N7,A272T,P43146,0,0.26978
P36406,E444A,Q99418,1,0.575
P36406,E444A,B7Z1T4,0,0.41385
P28062,V257E,P40306,0,0.40022
P28062,V257E,P49720,1,0.59315
P28062,V257E,P28065,0,0.3904
P15692,H112Y,P09619,0,0.41848
P15692,H112Y,P17948,0,0.24186
P15692,H112Y,L7RSL3,0,0.19918
P13591,P126S,P11362,1,0.61209
P13591,P126S,P06241,1,0.61737
Q9Y4E8,V124L,Q13107,0,0.08523
Q9Y4E8,V124L,Q9Y2K6,0,0.22462
Q6N069,K330N,P41227,0,0.23937
Q8WZ75,Q153E,O94813,0,0.24108
P61587,D31H,Q13017,1,0.67757
P61587,D31H,Q9NRY4,1,0.55274
Q7Z6G8,N86S,Q15303,0,0.07037
Q9NVX2,I90M,P61964,0,0.34648
P36873,R74Q,Q9NZM3,0,0.38916
P36873,R74Q,P42771,1,0.71178
P36873,R74Q,Q8N9B4,1,0.64125
Q07912,V292M,P46108,0,0.33041
Q92608,A1538S,P63000,0,0.18559
Q92608,A1538S,P15153,0,0.18731
Q92608,A1538S,A4D2P0,0,0.19979
Q92608,A1538S,A4D2P1,0,0.1715
P10912,S237T,P01241,0,0.24514
P10912,S237T,P01242,0,0.23336
P10912,S237T,B1A4G6,0,0.23983
P10912,S237T,B1A4G7,0,0.23622
P10912,S237T,B1A4G9,0,0.27919
Q9HAJ7,Y122S,Q96ST3,1,0.58385
O14974,A146V,Q09013,1,0.63903
P04637,H179D,Q13625,1,0.73891
P04637,H179D,Q9H9B1,1,0.62247
P04637,H179D,Q9H3D4,1,0.79627
P04637,H179D,O15350,1,0.76948
P04637,H179D,Q96KQ4,1,0.66012
P04637,H179D,Q99728,1,0.63806
P04637,H179D,O75832,1,0.62337
P04637,H179D,Q9ULT8,1,0.64155
P04637,H179D,Q96KQ7,1,0.61634
P04637,H179D,H2EHT1,1,0.78442
P04637,H179D,K7PPA8,1,0.69497
P38398,W1837L,A0AVN2,1,0.74754
P38398,W1837L,F6MDH7,1,0.78997
P38398,W1837L,F6MDI0,1,0.83232
P38398,W1837L,F6MDI1,1,0.78997
Q03113,R235H,Q92888,1,0.76624
Q03113,R235H,O15085,1,0.67592
Q03113,R235H,Q9NZN5,1,0.66973
Q14563,V367G,Q13214,1,0.62845
P13637,N646K,P05023,1,0.50105
P13637,N646K,P50993,0,0.49186
P13637,N646K,Q13733,1,0.67278
Q8WY64,C391F,P51668,1,0.61337
Q8WY64,C391F,P62837,1,0.55377
Q8WY64,C391F,Q9Y2X8,1,0.57555
Q8WY64,C391F,P61088,1,0.68932
Q8WY64,C391F,P61077,1,0.69678
P13804,I284V,P38117,0,0.3312
P09769,R434I,P41240,1,0.80569
Q8N2I9,K152M,Q5S007,0,0.30383
P40337,D187A,Q15369,1,0.63957
Q9ULB4,G98C,Q9Y6N8,0,0.4243
Q13639,L155I,P07550,1,0.62911
Q14315,D124H,O43707,1,0.72132
Q14315,D124H,O75369,1,0.74231
Q14315,D124H,P16144,1,0.80286
Q14315,D124H,P10586,1,0.79882
Q15910,C588S,Q92800,1,0.61313
P08574,Y199N,P00156,1,0.62388
Q08043,I742M,O43707,1,0.65381
P01730,N55T,P07550,0,0.33221
Q9BQE3,E207Q,P42771,1,0.6961
O00505,N418S,P55060,0,0.21964
P10114,R162S,Q9UKE5,1,0.66389
P10114,R162S,Q04771,1,0.79472
P10114,R162S,O95819,1,0.61369
P10114,R162S,Q8N4C8,1,0.50973
Q9BXS5,V25M,Q9Y6Q5,0,0.22272
Q14011,F49S,Q15717,0,0.42854
Q8NI35,R1261C,Q8TEW0,0,0.43332
Q9UH77,D545E,Q14145,1,0.6941
Q12933,K313R,Q13114,0,0.09499
Q12933,K313R,O00463,0,0.08871
Q12933,K313R,A6NHG8,0,0.08341
Q03181,H287Y,Q15788,1,0.6098
P61225,Y71N,O43924,1,0.90014
P61225,Y71N,Q92565,1,0.63588
P61225,Y71N,Q9Y4G8,1,0.54128
P61225,Y71N,Q59EK9,1,0.75139
P03956,Q186P,P01033,0,0.4122
P03956,Q186P,B4DJK3,0,0.23007
P03956,Q186P,Q6FGX5,0,0.4122
Q04912,S1064C,O60674,1,0.76769
Q08828,R1008Q,Q08462,0,0.47771
Q9C035,A41V,P61077,1,0.68003
Q9C035,A41V,P61086,1,0.61086
Q9C035,A41V,Q5VVX9,0,0.49997
O75582,S240N,Q15418,1,0.68319
O75582,S240N,O75676,1,0.63287
O75582,S240N,Q9UK32,1,0.65918
O75582,S240N,Q9NYL2,1,0.61753
O75582,S240N,D4Q8H0,1,0.62647
P04637,C176S,O15350,1,0.70984
P04637,C176S,Q96KQ7,1,0.61663
O00311,L211H,P42771,1,0.62142
O00311,L211H,K7PML8,1,0.62142
O14732,R178L,P29218,1,0.63885
Q8TBB1,N67K,P62837,0,0.27638
Q12923,L1788H,P50479,0,0.39885
Q08462,L315V,Q08828,1,0.64336
Q08462,L315V,O95622,1,0.65743
Q08462,L315V,O43306,1,0.66141
Q08462,L315V,O60503,1,0.58096
Q7L5N1,K108Q,Q92905,1,0.50392
P18206,Q689E,P35221,0,0.11909
O14757,W192G,O15297,1,0.63529
Q07817,T190S,Q07812,0,0.24336
Q07817,T190S,Q14457,0,0.28872
O95757,K53R,P11142,0,0.29399
Q08881,D500V,Q06187,1,0.8165
Q9Y210,A185G,Q9UL62,0,0.24675
Q96DH6,K43Q,Q13148,0,0.15994
O95793,E310Q,O75569,1,0.62231
O95793,E310Q,P55265,1,0.58067
O00329,N74D,Q92569,0,0.46619
O00329,N74D,P27986,0,0.37922
P04637,C176F,O15350,1,0.79743
P04637,C176F,Q96KQ7,1,0.70721
Q15746,S1824I,P17252,1,0.83424
P48643,G216S,P78371,1,0.60592
P48643,G216S,P17987,1,0.69478
O15264,F307S,Q9BY84,1,0.69583
O15264,F307S,Q16828,1,0.70383
Q9UBP5,P76A,P27540,1,0.68684
Q06609,R254L,P51587,1,0.7253
Q06609,R254L,Q14565,0,0.46694
Q06609,R254L,O43542,1,0.56714
Q06609,R254L,O15315,1,0.58792
Q06609,R254L,O75771,1,0.68058
P50616,E62Q,Q9UIV1,0,0.24964
P38919,E261K,O15234,0,0.49353
P04626,S310F,P00533,1,0.89564
P78508,R171Q,Q9NPI9,0,0.37488
Q9Y2H5,F82L,Q9HAU0,1,0.80718
P22455,R650H,P50750,0,0.34732
P22455,R650H,P54764,1,0.62766
Q9NYV4,R882L,O75909,1,0.69863
Q9NYV4,R882L,Q14004,1,0.65348
Q9NYV4,R882L,Q8IZL9,1,0.66235
Q7RTN6,H231D,Q15831,1,0.53722
Q99814,R825P,Q92793,0,0.39599
Q99814,R825P,Q09472,0,0.44725
P20585,V292L,P43246,0,0.46934
P20585,V292L,E9PHA6,0,0.41842
Q02779,W287G,Q16539,1,0.76263
Q9Y6Q6,D74N,O14788,0,0.38964
P49802,Y290S,O14775,1,0.87166
P02760,K57N,P02751,0,0.35756
O15111,K237Q,Q00653,0,0.1069
O15111,K237Q,Q06124,0,0.49307
P62136,F119C,P41236,1,0.71803
Q7Z4P5,P417T,P18075,1,0.75197
P55072,D307A,P43686,1,0.56782
P55072,D307A,P62191,1,0.70672
O60503,C435S,O43306,1,0.6
O60503,C435S,P51828,1,0.6699
P60880,D179N,Q8NFX7,0,0.42189
P60880,D179N,Q9BV40,0,0.24782
P60880,D179N,P63027,0,0.29513
P60880,D179N,P51809,0,0.32797
P60880,D179N,F8WCA0,0,0.39387
O76039,S257P,P06241,0,0.15077
P46663,F49S,P25103,0,0.26688
Q13797,L799R,P05556,0,0.3388
Q16623,D214N,O14810,1,0.68742
Q16623,D214N,Q6PUV4,1,0.70874
Q16623,D214N,F1T0G1,1,0.68742
P84095,A42S,Q9H8V3,0,0.3369
P84095,A42S,P10911,0,0.46639
P84095,A42S,P15498,0,0.21078
P84095,A42S,Q14185,1,0.54865
Q8WXI2,L55M,Q9BYB0,0,0.49719
Q8NG27,G630V,P68036,0,0.32719
Q06187,T552K,P06241,0,0.38281
Q06187,T552K,Q02156,0,0.39647
Q06187,T552K,P23443,1,0.69188
Q06187,T552K,Q9UBS0,0,0.38373
Q06187,T552K,Q9H1R3,0,0.411
Q06187,T552K,P43403,0,0.40055
Q06187,T552K,P51617,0,0.4569
Q06187,T552K,Q08881,0,0.3981
Q06187,T552K,P08581,1,0.60269
Q06187,T552K,P42680,0,0.43501
Q06187,T552K,P51813,1,0.51452
Q06187,T552K,O60674,0,0.3648
Q06187,T552K,P06239,0,0.37226
Q06187,T552K,P07948,0,0.36918
Q06187,T552K,P09769,0,0.34487
Q06187,T552K,P08631,0,0.34902
Q06187,T552K,P17252,1,0.52895
Q06187,T552K,Q04759,0,0.27629
Q06187,T552K,Q05513,0,0.28728
P61812,T121I,P01137,0,0.10546
Q9Y2Y1,L53I,O14802,0,0.20464
Q99712,F74L,Q9NPI9,1,0.5462
Q15459,V711L,Q53GS9,0,0.17993
Q15459,V711L,O15205,1,0.58223
P98160,G2451E,P35968,1,0.76934
Q9BXW4,A81T,Q9Y4P1,0,0.15741
Q9BXW4,A81T,O95352,0,0.16347
Q9C0C9,G1000D,Q9NVW2,1,0.65771
P06744,S367C,B4DE36,0,0.40369
Q5JS13,M233T,P11233,1,0.52148
Q9H4E5,M21L,Q96BY6,0,0.13674
Q9H4E5,M21L,Q8NF50,0,0.38951
Q9H4E5,M21L,B3KYB0,0,0.11732
Q9H4E5,M21L,Q9NQU5,0,0.11809
P00540,G69A,P35609,0,0.4407
P00540,G69A,Q59FD9,0,0.49863
O75496,W99C,Q9H211,1,0.79684
P14598,M175I,Q14247,0,0.43701
P49761,D287E,P78362,0,0.41723
O14593,D221N,P04049,1,0.56108
O14593,D221N,L7RRS6,1,0.61748
P61812,V381M,P12643,1,0.54921
P61812,V381M,P01137,1,0.57102
P61812,V381M,P10600,1,0.55722
Q05195,L103F,P01106,0,0.22364
Q13237,I435F,Q15746,0,0.29273
P06737,R270Q,P11216,1,0.56253
Q92793,V2086E,Q15788,1,0.61525
Q92793,V2086E,Q9Y6Q9,1,0.68582
Q92793,V2086E,Q15596,1,0.57752
Q92793,V2086E,Q59EE8,1,0.74922
Q92793,V2086L,Q15788,0,0.3564
Q92793,V2086L,Q9Y6Q9,0,0.3216
Q92793,V2086L,Q15596,0,0.32282
Q92793,V2086L,Q59EE8,0,0.36539
P19022,W272R,Q96NW7,0,0.49103
P22314,V571M,P61956,0,0.44635
P22314,V571M,P55854,0,0.43571
O00522,N580D,P62834,0,0.44215
P62879,M101V,P63096,1,0.59723
P62879,M101V,P04899,1,0.61416
P62879,M101V,P08754,1,0.60104
P62879,M101V,Q13371,1,0.58076
P62879,M101V,P49758,1,0.68917
Q15542,L515V,Q9Y4A5,0,0.2077
P17980,N207H,P43686,0,0.12004
Q9H0C5,H174D,Q13618,0,0.47631
P28749,K794N,Q08999,0,0.3265
P28749,K794N,P06400,0,0.42203
P29400,R1674Q,Q14031,0,0.39818
P01111,S87N,P55196,0,0.16192
Q9UIA0,D285E,G3V160,0,0.22442
Q9UIA0,D285E,Q53GM7,0,0.30308
Q9UIA0,D285E,Q969H4,0,0.22442
P04350,R391C,O00221,1,0.52196
P04350,R391C,Q13418,1,0.66024
P04350,R391C,P19838,0,0.42915
P04350,R391C,Q00653,1,0.53702
P04350,R391C,P25963,1,0.74086
Q9H1R3,H377Q,Q13164,0,0.30848
P36894,E104K,P12643,0,0.3501
P36894,E104K,O60383,0,0.26972
P36894,E104K,P12644,0,0.30413
P36894,E104K,P22003,0,0.27251
P36894,E104K,P22004,0,0.25265
P36894,E104K,P18075,0,0.2889
P36894,E104K,Q6KF10,0,0.15483
P36894,E104K,C8C060,0,0.32896
P36894,E104K,Q53XC5,0,0.27253
Q9UKB1,I430N,O15169,1,0.80221
Q92747,A72T,P59998,0,0.19782
Q13133,H446Y,Q15788,0,0.37423
Q16531,Q759H,Q13618,0,0.2167
Q16531,Q759H,Q13620,0,0.19445
Q16531,Q759H,Q93034,0,0.22289
Q9P2J3,V157A,Q13619,1,0.62232
Q9P2J3,V157A,Q13618,1,0.64475
Q06187,L616I,P43405,1,0.70217
P04637,C176G,O15350,1,0.8409
P04637,C176G,Q96KQ7,1,0.6079
P29317,R721Q,Q15375,1,0.60353
Q16778,V119A,Q16777,1,0.58525
Q16778,V119A,P16104,1,0.54611
P34931,E246Q,P11021,0,0.42008
Q9P121,R71C,B7Z1Z5,1,0.68211
P24821,D866E,P02751,0,0.20876
Q8WV22,G9V,Q96MG7,0,0.2569
Q8WV22,G9V,Q9HAY2,0,0.21013
O14617,E278D,Q92572,0,0.46495
P09619,Y751F,P12931,0,0.48893
P09619,Y751H,P12931,1,0.58143
P43629,Y196D,P01889,1,0.71367
O95602,L921M,Q9H9Y6,1,0.56775
P62310,R37Q,Q9Y4Z0,1,0.72076
P62310,R37Q,Q9Y4Y9,1,0.72243
P62310,R37Q,P62314,1,0.53623
P62310,R37Q,Q9Y333,1,0.55481
P62310,R37Q,P62304,1,0.50064
P62310,R37Q,P62318,0,0.39382
P62310,R37Q,Q969L4,1,0.59502
Q15034,E405V,Q8IVU3,0,0.48481
Q9UIV8,E199D,P24158,0,0.37099
Q9UIV8,E199D,P08246,1,0.63475
P22612,S253P,P27361,1,0.7709
Q12840,A261V,P52732,1,0.72474
P17987,H113N,P48643,1,0.62751
P17987,H113N,P78371,1,0.85836
O00339,G793V,P21941,1,0.67742
O00339,G793V,O95460,1,0.76047
O75175,Y648H,Q9NZN8,0,0.28192
O75175,Y648H,B2RDX7,0,0.30629
O75175,Y648H,B3KTL6,0,0.30629
O75175,Y648H,F8VV52,0,0.33592
Q8NEY4,L181P,P36543,1,0.86191
Q8NEY4,L181P,Q96A05,1,0.88941
Q14004,R957P,P78362,1,0.84575
Q9H9V4,R71Q,P62837,0,0.07251
P18206,T1077N,Q9UI47,0,0.25259
P18206,T1077N,P35221,0,0.36294
P18206,T1077N,B3KXA2,0,0.40238
Q96RU3,D586N,Q15642,1,0.56436
Q96RU3,D586N,B7ZL13,0,0.34122
O60563,F146C,P50750,1,0.8562
P31321,S147R,P31323,1,0.60771
P31321,S147R,P10644,1,0.64262
P31321,S147R,B2R5T5,1,0.54416
P17600,N152K,Q92777,0,0.31048
P17600,N152K,O14994,0,0.28825
P17600,N152K,Q59GM1,0,0.31382
P17600,N152K,Q86VA8,0,0.31382
A2RTX5,L461F,P26639,1,0.62667
P62805,R96L,P04908,1,0.88512
P62805,R96L,P84243,1,0.67216
P62805,R96L,Q16695,1,0.62088
P62805,R96L,Q71DI3,1,0.70938
P62805,R96L,P49450,1,0.58923
P62805,R96L,Q9UER7,0,0.42979
P62805,R96L,P16104,1,0.87503
P62805,R96L,P0C0S5,1,0.86014
P62805,R96L,Q9Y294,1,0.78442
P62805,R96L,Q16777,1,0.87652
P62805,R96L,P68431,1,0.77946
P62805,R96L,Q9NVP2,1,0.80703
P62805,R96L,B4E1C1,0,0.42863
P62805,R96L,Q53F85,0,0.43497
Q02763,V1014L,P27986,0,0.28298
P11802,H138Y,P24864,1,0.63627
P10276,K380N,P28702,1,0.83623
P10276,K380N,P48443,1,0.85164
P10276,K380N,Q5STP9,1,0.81364
Q99578,D55N,Q9ULL4,1,0.81529
Q99578,D55N,P55196,1,0.78118
Q99578,D55N,P20339,1,0.76427
Q99578,D55N,Q9NZL6,0,0.43533
P50749,R194H,P01112,1,0.63985
P50749,R194H,P01116,0,0.36403
P31946,R224W,P63104,1,0.57092
Q96KB5,A311V,P62158,0,0.24162
P42338,F876L,P19174,1,0.66735
P42338,F876L,O14775,1,0.56172
Q99075,H118P,P00533,1,0.83778
Q99075,H118P,Q15303,1,0.78159
P13349,E132D,P41134,0,0.28388
P13349,E132D,Q02363,0,0.23855
P13349,E132D,P15923,0,0.41521
P42684,A226T,P08631,0,0.19694
P42684,A226T,P00519,0,0.20326
P42684,A226T,P06241,0,0.15629
P52735,K338I,P60953,1,0.78654
P52735,K338I,O00212,1,0.50494
P52735,K338I,P84095,1,0.77397
P52735,K338I,P17081,1,0.59128
Q7Z3Y8,Y371H,P08729,0,0.17766
P35080,R75G,P63261,1,0.77271
P35080,R75G,P60709,1,0.79076
P12814,R46Q,P35609,1,0.50412
Q01892,G196C,P17947,1,0.53172
P07711,D192N,P53634,0,0.28009
O43150,L630V,P49023,0,0.275
P40145,L1008Q,O95622,1,0.69966
P40145,L1008Q,O60503,1,0.59215
P15538,L53Q,P19099,1,0.93407
Q8TEY7,G191V,Q9Y4E8,1,0.52498
Q8TEY7,G191V,Q9UK80,1,0.70492
P61586,G152C,P42680,0,0.38028
P17301,S1039N,P05556,0,0.09923
Q15375,Y614H,P06239,1,0.72833
P29322,G642A,Q38SD2,1,0.60208
P17066,Q158R,P34931,0,0.49282
Q15149,Q181K,P16144,1,0.71579
Q7Z6J2,D108E,P78352,0,0.46323
Q9UQ07,W166R,Q16659,1,0.69184
Q86XS8,Q273H,P51965,0,0.06348
P42771,D108Y,Q9UQ88,1,0.69259
P42771,D108Y,P11802,1,0.80217
P42771,D108Y,P29320,1,0.63079
P42771,D108Y,O14920,1,0.6111
P42771,D108Y,P45983,1,0.70476
P42771,D108Y,P49760,1,0.63676
P42771,D108Y,O14965,1,0.51151
P42771,D108Y,Q00534,1,0.7798
P42771,D108Y,Q8NE63,0,0.49649
P42771,D108Y,P17252,1,0.50948
P42771,D108Y,A4D1G0,1,0.72119
P42771,D108Y,A1L4K2,1,0.70892
O15105,R426G,Q15797,0,0.46149
O15105,R426G,P84022,1,0.64618
O15105,R426G,O43541,0,0.46753
Q70EK9,R352G,Q96RU2,0,0.30059
Q15759,S226C,Q9BUB5,0,0.24156
Q15759,S226C,Q16644,0,0.32005
Q15759,S226C,P49137,0,0.38095
Q15759,S226C,Q8IW41,0,0.29186
Q15759,S226C,Q16512,0,0.31694
P02549,R41Q,Q59FP5,0,0.16785
Q08881,L254V,Q13094,0,0.17104
Q08881,L254V,Q9NP31,0,0.2653
Q08881,L254V,P16885,0,0.18965
Q7L576,H1058R,Q9Y2A7,1,0.50458
P42224,V734L,Q92793,0,0.15378
P42224,V734L,Q09472,0,0.14006
Q13489,S248C,O15392,1,0.57459
Q8N448,P227S,Q9UPQ7,1,0.51807
P17948,N212K,P49763,0,0.24752
P17948,N212K,P15692,0,0.43849
P17948,N212K,P49765,0,0.30007
P17948,N212K,O43915,0,0.46318
P17948,N212K,P04085,0,0.36286
P17948,N212K,Q7LAP4,0,0.27755
P35250,E277D,P40937,0,0.39776
P14927,H73Y,P08574,1,0.60099
Q10713,R442G,O75439,1,0.5483
P84095,F169V,Q9H8V3,1,0.64481
Q14247,E482A,O43150,0,0.21996
Q14247,E482A,Q15843,1,0.50158
Q14247,E482A,Q9UPX8,0,0.25184
Q14247,E482A,Q9Y5K6,0,0.11259
Q14247,E482A,P62993,0,0.31855
Q15287,E232D,P52272,1,0.70039
Q15287,E232D,Q9Y5S9,1,0.73919
Q15287,E232D,P49756,1,0.69988
Q15287,E232D,Q01130,0,0.40066
Q15287,E232D,Q13247,1,0.68793
Q15287,E232D,Q15717,1,0.59028
Q15287,E232D,Q9UHX1,1,0.65881
Q15287,E232D,Q9BTD8,1,0.66484
Q15287,E232D,P08621,1,0.53267
Q15287,E232D,Q13595,1,0.72133
Q15287,E232D,P62995,1,0.59947
Q15287,E232D,P26368,1,0.74683
Q9UQL6,T754P,O15379,1,0.74967
Q92826,K277N,O00470,1,0.62038
P20336,Y65F,O14936,0,0.24167
P20336,Y65F,P47224,0,0.06225
P20336,Y65F,Q9Y2H9,0,0.32984
P20336,Y65F,P00533,0,0.11417
P12018,I49S,P01871,1,0.66476
P28702,R252C,P55055,1,0.79251
P28702,R252C,F1D8P7,1,0.79251
O14576,T566P,P43034,0,0.34675
Q9UI32,D550E,O14936,1,0.74106
P05771,D626N,Q13873,0,0.3975
O95835,L894I,O60285,0,0.32075
Q14790,C309S,P55211,1,0.7348
Q14790,C309S,P55210,1,0.75551
Q14790,C309S,B4DWA2,1,0.74727
P42262,D749H,Q13002,1,0.82864
O75083,D357N,Q16576,0,0.19354
Q14919,K71M,Q01658,1,0.51694
Q14919,K71M,P25208,0,0.3967
Q14919,K71M,Q658N3,0,0.46569
P07332,Y737D,P27986,1,0.67666
O14617,P515S,O00203,0,0.49457
O00168,I52L,P05023,0,0.24295
P42680,P587L,P08581,1,0.73189
P42680,P587L,O60674,1,0.82822
P55899,F224Y,P61769,0,0.23719
P09769,F168S,O00459,1,0.68096
P09769,F168S,Q06187,1,0.61595
P23458,W777G,Q9UQM7,1,0.60378
P23458,W777G,Q13554,1,0.56179
P35609,E793D,Q13557,0,0.20518
P35609,E793D,Q6P0Q8,0,0.32028
P35609,E793D,Q9H2S1,0,0.43468
P35609,E793D,O43707,0,0.34258
O94813,E178A,Q9HCK4,1,0.69912
Q13616,G80E,Q86VP6,1,0.56931
Q13616,K750E,Q6PH85,1,0.56868
Q13616,K750E,Q92564,1,0.63875
Q13616,K750E,Q8IWE4,1,0.66082
Q13616,K750E,Q96GG9,1,0.66511
Q13616,K750E,Q9BTE7,0,0.46647
Q13616,K750E,C9JVE2,1,0.77528
Q8TAM1,H62D,Q6ZW61,1,0.80682
Q8TAM1,H62D,P17987,1,0.53094
P49917,T769S,Q13426,0,0.39575
P55735,K290R,O94979,0,0.31613
P08253,D303E,P50281,0,0.05534
P08253,D303E,Q9NPA2,0,0.06044
P50616,D65A,Q9UIV1,1,0.92014
Q9NQT4,P147A,Q9Y3B2,1,0.91592
Q9NQT4,P147A,Q13868,1,0.91616
P05107,R295M,Q13683,0,0.35071
P09619,V631M,P10398,1,0.7057
Q9HCM9,G436R,P19474,1,0.64235
Q9HCM9,G436R,Q9Y577,1,0.80347
P48736,F902L,P19174,0,0.42968
Q9UI42,E349G,Q9BS40,0,0.40472
O00585,L33P,Q92583,1,0.7539
O00585,L33P,P13501,0,0.4445
O00585,L33P,O15444,0,0.30486
O00585,L33P,O43927,1,0.55443
O00585,L33P,O15467,0,0.34992
O00585,L33P,Q99731,0,0.48561
P55072,M740V,P62191,0,0.29936
P01031,A735V,P01024,0,0.42518
P23258,V182G,Q71U36,1,0.93057
P23258,V182G,Q9BQE3,1,0.9011
P23258,V182G,P68366,1,0.74789
P23258,V182G,P68371,1,0.73823
P23258,V182G,P07437,1,0.83145
P23258,V182G,P68363,1,0.8373
P23258,V182G,Q13748,1,0.80068
P23258,V182G,Q9H4B7,1,0.74218
P10916,D48Y,Q5VT25,1,0.62189
Q14004,I875V,Q9UM73,0,0.49199
Q14004,I875V,Q16539,0,0.32752
P08729,L361V,P13646,0,0.3416
P08729,L361V,Q04695,0,0.2523
P08729,L361V,Q7Z3Y8,0,0.24722
Q06609,A281P,B4DMW6,1,0.72821
O95972,W305R,O60383,1,0.55375
O95972,W305R,O00238,1,0.75333
P08134,V35I,Q07960,0,0.22361
P08134,V35I,Q9Y4D1,0,0.33333
P35609,T412M,P12814,0,0.265
P35609,T412M,O43707,0,0.3462
P35609,T412M,Q08043,0,0.24333
O15232,A191T,O00339,1,0.63305
O43639,A15T,P48740,0,0.33755
O43521,G156R,Q16548,1,0.84113
O43521,G156R,Q07817,1,0.77075
O43521,G156R,Q92843,1,0.79399
O43521,G156R,P10415,1,0.6718
O43521,G156R,Q16611,1,0.66958
O43521,G156R,Q07820,1,0.91241
O43521,G156R,C8YZ26,1,0.75994
P07510,V276I,P02708,0,0.18567
O43157,N361I,Q9NPR2,1,0.68115
P05166,V288I,P05165,0,0.17222
Q969H0,R465H,P42345,1,0.85594
P05062,R4Q,P04075,0,0.14666
Q13813,T2377M,P00519,0,0.30959
Q13813,T2377M,Q59FK4,0,0.30959
O75607,A99T,P06748,1,0.52711
O75607,A99T,Q86SE8,0,0.32806
P57796,R145H,O60840,0,0.18114
P13631,R341H,P10588,1,0.773
P13631,R341H,P28702,1,0.81881
P13631,R341H,Q15466,1,0.57811
Q06323,R116C,Q9UL46,0,0.30931
P30411,A101T,P28335,1,0.56165
Q12846,R206W,O75396,0,0.38682
Q12846,R206W,O00161,1,0.87499
Q12846,R206W,P60880,1,0.88366
Q12846,R206W,P23763,1,0.65153
Q12846,R206W,Q15836,1,0.54183
Q12846,R206W,P51809,1,0.54375
Q12846,R206W,Q9BV40,0,0.48675
Q12846,R206W,P63027,1,0.60512
Q12846,R206W,O75379,1,0.71038
Q12846,R206W,Q6FGG2,1,0.53194
Q12846,R206W,Q6IAZ3,1,0.6387
Q12846,R206W,F5GZV7,1,0.62474
Q12846,R206W,F8WCA0,1,0.78796
Q12846,R206W,O95183,1,0.63361
Q12846,R206W,Q6FG93,1,0.57992
Q12846,R206W,Q9UEU0,0,0.41976
Q12846,R206W,A8K287,1,0.89753
O15105,R314W,Q13485,1,0.74758
P43146,A409T,Q9Y6N7,0,0.284
P20648,A870V,P05026,0,0.19753
P20648,A870V,P51164,0,0.15979
Q01094,R138C,Q14188,1,0.88039
Q9BQY4,E156K,P31276,0,0.41494
Q9BQY4,E156K,Q9H9S0,1,0.56638
Q9BQY4,E156K,P78337,0,0.34358
P20226,R186C,P52657,1,0.6581
P20226,R186C,B2R506,0,0.49361
P28062,Y126C,P25786,1,0.83878
P28062,Y126C,P25789,1,0.76541
P28062,Y126C,P28066,1,0.95052
P28062,Y126C,P60900,1,0.91882
P28062,Y126C,Q8TAA3,1,0.78433
P28062,Y126C,O14818,1,0.80435
P28062,Y126C,P28074,1,0.76409
P28062,Y126C,P25787,1,0.79245
P28062,Y126C,P25788,1,0.82154
P28062,Y126C,P28070,1,0.90928
P28062,Y126C,P20618,1,0.96076
P28062,Y126C,P49720,1,0.86369
P28062,Y126C,P28072,1,0.73307
P28062,Y126C,P28065,1,0.5562
P78362,Q315H,P00519,0,0.20385
P35609,D693N,P12814,0,0.18645
Q9GZN1,V389L,O96019,1,0.57775
O00187,S546C,P48740,1,0.57407
P37173,R479Q,Q13153,0,0.18586
P37173,R479Q,Q13546,0,0.09561
P37173,R479Q,Q04771,0,0.33019
P37173,R479Q,P60953,0,0.29456
P37173,R479Q,P23443,0,0.18716
P37173,R479Q,D2JYI1,0,0.06488
P00749,C91F,P00750,1,0.77776
P01116,Q61L,Q12967,1,0.62625
P01116,Q61L,Q7LDG7,1,0.55416
P01116,Q61L,O15211,1,0.60801
P01116,Q61L,Q8IV61,1,0.50748
P01116,Q61L,O14827,1,0.62948
P01116,Q61L,Q6PCE1,1,0.58997
P23515,P253L,Q86UN2,1,0.57171
P23515,P253L,Q9BZR6,0,0.30209
P22736,P501S,Q03181,0,0.26746
Q7L576,E730D,Q9Y2A7,0,0.17653
P52292,G224V,Q9UJU2,1,0.51106
Q13432,R113L,P49703,0,0.26182
Q13432,R113L,P36404,0,0.32066
Q13432,R113L,Q53YD8,0,0.47612
P14923,H515P,Q99959,1,0.62665
Q03181,R407Q,Q15788,0,0.47501
Q03181,R407Q,P28702,1,0.52499
Q06520,T85A,O43704,0,0.31094
P39748,G28C,P12004,1,0.93345
P42685,R484C,P06241,1,0.65157
P17612,G194D,Q01082,1,0.70923
P31751,R208W,O15394,1,0.75775
P31751,R208W,O14757,1,0.79425
P10073,F55L,Q8TF39,1,0.56266
P10073,F55L,Q96IT1,1,0.57307
P10073,F55L,Q96JS3,1,0.5476
P10073,F55L,Q9NWS9,1,0.65097
P10073,F55L,Q9NX65,1,0.55468
O00755,E199Q,Q13467,1,0.50874
P56377,K17I,O43747,1,0.76195
P56377,K17I,O75843,1,0.70136
P56377,K17I,Q8IY97,1,0.77849
Q9GZZ0,Y253H,P31274,1,0.83638
P22736,C309S,P04150,1,0.94959
P12644,R408C,P34820,0,0.36478
P12644,R408C,Q53XC5,0,0.48022
Q13347,L5V,Q13371,0,0.20035
Q13347,L5V,P20941,0,0.11327
Q6UXN9,K129N,Q15291,0,0.27107
Q6UXN9,K129N,P61964,0,0.20756
P46527,E78K,P24941,0,0.19331
P46527,E78K,Q00526,0,0.1839
P46527,E78K,P11802,0,0.27204
P46527,E78K,Q00535,0,0.15294
P46527,E78K,P49841,0,0.1546
P46527,E78K,O60674,0,0.125
P46527,E78K,P45983,0,0.1763
P46527,E78K,Q9Y243,0,0.12948
P46527,E78K,P06493,0,0.21681
P46527,E78K,P50613,0,0.13306
P46527,E78K,O15111,0,0.1328
P46527,E78K,Q14012,0,0.19818
P46527,E78K,Q15418,0,0.10536
P46527,E78K,P07948,0,0.14255
P46527,E78K,Q00534,0,0.25693
P46527,E78K,P53779,0,0.14279
P46527,E78K,P00519,0,0.26921
P46527,E78K,P31749,0,0.19628
P46527,E78K,P12931,0,0.20677
P46527,E78K,P07947,0,0.15769
P46527,E78K,B4DDL9,0,0.17493
P46527,E78K,E7ESI2,0,0.14941
P42773,N28H,P42771,0,0.41678
P42773,N28H,P67775,0,0.1203
Q9UDY2,R682P,Q07157,1,0.51937
Q96GX5,N22I,Q15418,1,0.6635
P32298,R191T,P62158,1,0.80526
Q9H0E7,H60R,Q70CQ1,1,0.68985
P19784,Q168L,P36897,0,0.29705
P45985,D101E,P31749,0,0.45622
P45985,D101E,Q13233,0,0.39676
P62993,V210D,Q8IZP0,1,0.53121
P62993,V210D,Q5TCZ1,1,0.55881
P62993,V210D,P04637,1,0.79131
Q9UQB8,Q23P,I3L4C2,1,0.5022
P31751,L204F,Q7Z5N4,1,0.62381
Q96B97,I302S,O43150,0,0.25192
Q96B97,I302S,Q15811,0,0.23188
Q12965,H225Q,P35749,0,0.23581
P51843,K367N,P35398,0,0.30855
P51843,K367N,P37231,1,0.65735
Q05193,Y669F,B4DK06,1,0.50947
Q05193,Y669F,B7ZAC0,1,0.50947
Q14232,G184V,P49770,0,0.4392
Q07817,R132Q,Q9HD36,0,0.44279
Q07817,R132Q,Q07812,0,0.28705
Q07817,R132Q,Q07820,0,0.33135
Q07817,R132Q,P10415,0,0.43308
Q07817,R132Q,P55957,0,0.11006
Q07817,R132Q,A8ASI8,0,0.07054
Q07817,R132Q,B3KT21,0,0.07054
Q07817,R132Q,C8YZ26,0,0.25057
P55211,D330E,O15392,0,0.40535
P55211,D330E,P55210,0,0.33036
P55211,D330E,Q14790,0,0.29112
P55211,D330E,P42574,0,0.20707
Q15014,Y241S,Q9UBU8,1,0.73144
P98170,E446Q,P61077,0,0.45043
P98170,E446Q,Q8N2K1,0,0.41423
P98170,E446Q,Q15819,1,0.55844
P98170,E446Q,P61088,0,0.46299
P98170,E446Q,P68036,0,0.3655
P98170,E446Q,P51668,0,0.47053
P98170,E446Q,P62837,0,0.44809
P98170,E446Q,Q9Y2X8,0,0.4516
P98170,E446Q,P51965,0,0.36033
P98170,E446Q,Q96LR5,0,0.38334
P98170,E446Q,Q13404,0,0.38808
P98170,E446Q,B7Z306,0,0.47251
P98170,E446Q,Q96FI0,0,0.4608
Q14164,Q297R,P19105,0,0.09409
O95835,P919A,P06493,1,0.59273
P50281,S367A,P08253,0,0.26724
P22223,V110L,P12830,0,0.19601
Q9BUR4,L339V,Q16576,0,0.39979
Q12798,K96R,P62158,1,0.53456
Q12798,K96R,P17612,0,0.23617
Q14CN4,V414M,Q04695,0,0.2224
Q14CN4,V414M,P05783,0,0.30134
Q14CN4,V414M,Q6A162,0,0.21911
Q7L576,I1074S,Q9NYB9,1,0.6611
Q7L576,I1074S,Q9Y2A7,0,0.43922
P41145,C345R,P41143,1,0.62925
P62745,R5L,Q8N5V2,1,0.65034
P62745,R5L,Q92888,1,0.50176
Q96RU7,R234L,Q13873,1,0.8275
Q96RU7,R234L,P31749,1,0.73787
Q96RU7,R234L,P31751,1,0.61439
Q8WXE9,V575A,Q96CW1,1,0.59094
Q99712,K188T,Q9NPI9,0,0.31695
P04637,N239S,Q13625,1,0.63177
P04637,N239S,P62993,1,0.6118
P04637,N239S,Q9H3D4,1,0.77633
P04637,N239S,Q96KQ4,1,0.63794
P04637,N239S,P07948,1,0.62929
P04637,N239S,Q96KQ7,0,0.39581
P04637,N239S,H2EHT1,1,0.77753
P04637,N239S,K7PPA8,1,0.7743
Q6P2Q9,F2270L,Q9NR30,0,0.24727
Q6P2Q9,F2270L,O75643,0,0.41693
P04637,R181P,Q9GZV1,1,0.73937
P04637,R181P,Q13625,1,0.89093
P04637,R181P,Q9H9B1,1,0.70053
P04637,R181P,Q99466,1,0.75105
P04637,R181P,Q9H3D4,1,0.79007
P04637,R181P,O15350,1,0.85792
P04637,R181P,Q96KQ4,1,0.80688
P04637,R181P,Q99728,1,0.72825
P04637,R181P,Q8WUF5,1,0.83142
P04637,R181P,P07948,1,0.78968
P04637,R181P,P25963,1,0.75267
P04637,R181P,O75832,1,0.75584
P04637,R181P,Q9ULT8,1,0.71687
P04637,R181P,H2EHT1,1,0.86393
P04637,R181P,K7PPA8,1,0.83487
P04637,R181P,Q53GA5,1,0.81556
Q14190,P145L,Q9HBZ2,1,0.61893
Q14190,P145L,A8K6P0,1,0.67128
Q14190,P145L,B0AZM1,1,0.50203
P13612,K363N,P16144,0,0.13792
P19793,Y397C,Q15466,1,0.81149
P19793,Y397C,P55055,1,0.88098
P19793,Y397C,O75469,1,0.77559
P19793,Y397C,Q14994,1,0.70806
P19793,Y397C,Q9Y5X4,1,0.73989
P19793,Y397C,P22736,1,0.82722
P19793,Y397C,P43354,1,0.81084
P19793,Y397C,Q03181,1,0.80335
P19793,Y397C,P37231,1,0.79659
P19793,Y397C,P10276,1,0.94299
P19793,Y397C,P10826,1,0.96701
P19793,Y397C,Q07869,1,0.756
P19793,Y397C,P10827,1,0.84932
P19793,Y397C,P10828,1,0.9184
P19793,Y397C,P11473,1,0.6725
P19793,Y397C,P10589,1,0.78751
P19793,Y397C,P08235,1,0.62331
P19793,Y397C,Q13133,1,0.6397
P19793,Y397C,P10588,1,0.82467
P19793,Y397C,P13631,1,0.94018
P19793,Y397C,A8K840,1,0.93665
P19793,Y397C,A8MUP8,1,0.94959
P19793,Y397C,B3KY83,1,0.90318
P19793,Y397C,D2KUA6,1,0.88766
Q15365,H21Q,P61978,1,0.55001
Q15365,H21Q,Q15366,1,0.62743
Q15365,H21Q,P57723,1,0.51355
Q9NZJ0,A188V,P61964,0,0.31456
Q15759,R173H,O75582,0,0.46006
Q15759,R173H,Q16644,1,0.65484
Q15759,R173H,Q15750,1,0.55004
Q15759,R173H,P49137,1,0.61802
Q15759,R173H,Q8IW41,0,0.39993
Q15759,R173H,Q16512,0,0.43635
P20309,M188I,P25103,0,0.44223
A0FGR9,M364R,A0FGR8,1,0.7125
Q14194,I242L,Q16555,0,0.478
Q14194,I242L,Q59GB4,0,0.48772
P42262,G754D,Q13002,1,0.69739
P25705,Q215H,P21281,0,0.323
P25705,Q215H,P06576,1,0.54406
P25705,Q215H,P38606,0,0.29886
Q9UM73,E1167G,P29323,1,0.62044
P49760,A204V,P49761,0,0.47118
P49760,A204V,B3KRI8,0,0.38303
P04054,S20R,P14555,1,0.72824
P50616,W93L,Q9UIV1,1,0.93366
P23443,G344R,P12931,0,0.24396
Q09019,G283S,Q8TAF3,1,0.58353
Q13449,S236T,Q9P121,0,0.27907
Q13449,S236T,B7Z1I4,0,0.38476
Q13449,S236T,B7Z1Z5,0,0.38476
P42773,D64N,P42771,0,0.26609
P21941,G412C,O95460,1,0.62614
P17787,T177A,P43681,1,0.61668
P17787,T177A,Q15822,1,0.6548
P24593,Y256D,P01344,1,0.56439
P24593,Y256D,Q59GC5,1,0.57577
Q12841,T51A,A4D1W7,0,0.12577
Q12841,T51A,P08476,0,0.23935
Q15669,V37E,P52566,1,0.91573
Q15669,V37E,Q99819,1,0.84329
Q15669,V37E,P52565,1,0.88219
O43323,Q137H,Q96QV1,0,0.18542
Q9NYS7,Q20H,Q16531,0,0.22991
Q15717,L86F,P09651,1,0.57441
Q15717,L86F,Q9BRL6,1,0.60348
Q13003,K698N,Q16478,0,0.28312
O43187,G53S,P51617,1,0.6745
Q9NQS3,A103T,Q495A1,0,0.38739
P11172,D285N,A8K5J1,1,0.51487
Q9H8M2,H147P,O60885,1,0.78863
P06241,K355Q,P54756,0,0.40307
P06241,K355Q,Q9UF33,0,0.41172
P06241,K355Q,Q05397,0,0.23499
P06241,K355Q,Q14289,0,0.49422
P06241,K355Q,P07332,1,0.53315
P06241,K355Q,P29320,0,0.24965
P06241,K355Q,P42685,0,0.47517
P06241,K355Q,O60674,1,0.53885
P06241,K355Q,Q9Y4K4,0,0.13392
P06241,K355Q,Q06187,0,0.21983
P06241,K355Q,O76039,0,0.2746
P06241,K355Q,P06239,0,0.35309
P06241,K355Q,P53667,0,0.2923
P06241,K355Q,P00540,0,0.40717
Q6ZNA4,R957C,Q8WV44,1,0.81942
Q6ZNA4,R957C,Q9BZR9,1,0.88179
Q6ZNA4,R957C,P19474,1,0.87565
Q6ZNA4,R957C,B0QYN7,0,0.46031
Q99963,T89M,Q99961,0,0.30367
Q99963,T89M,Q99962,0,0.35056
Q99963,T89M,Q6FGM0,0,0.45632
Q99963,T89M,Q8IZ09,0,0.43018
Q14678,M1046I,P62136,0,0.16103
P01562,R148G,P17181,1,0.66672
Q96NY9,A501V,Q96AY2,0,0.16724
P12830,G203S,Q96RT1,0,0.44967
P04637,A276P,Q9H3D4,1,0.5915
P04637,A276P,H2EHT1,1,0.54429
P04637,A276P,K7PPA8,1,0.55676
O15457,G844A,O43196,0,0.27145
Q5VZ18,H397D,P00519,1,0.82744
P48730,S88I,Q00535,1,0.57526
P48730,S88I,Q9BZL6,1,0.65218
P07288,P216L,P01009,1,0.78328
P49795,L150Q,P09471,0,0.45397
P49795,L150Q,B3KP89,1,0.6286
P49795,L150Q,Q8N652,1,0.62422
P49795,L150Q,Q8N6I9,1,0.70974
P07237,R300C,Q13087,1,0.56692
Q8IXK0,D822E,Q96GD3,1,0.81718
Q8IXK0,D822E,Q9UN30,1,0.80944
Q8IXK0,D822E,Q9UQR0,1,0.82265
P55735,V264L,O94979,0,0.4618
P30626,S197N,P28676,0,0.11728
P21281,A437P,P15313,1,0.70767
P21281,A437P,P06576,1,0.66372
P21281,A437P,P25705,1,0.61061
P20749,G205S,P06239,0,0.48199
P04637,G244S,O15350,1,0.73014
P04637,G244S,P62993,1,0.75459
P05026,T67I,P20648,0,0.38901
Q04912,L1129M,O60674,1,0.61554
Q9P286,P706A,Q02750,1,0.59329
Q9P286,P706A,P45985,1,0.57825
Q16576,T27R,Q12788,1,0.60874
Q16576,T27R,O75083,1,0.60329
Q16576,T27R,Q09028,1,0.63
Q9UBS0,I233T,P07948,1,0.53168
Q9UBS0,I233T,P43405,1,0.54977
Q13224,I82T,Q05586,1,0.65032
P02751,R1634C,Q02388,0,0.28697
Q8NF50,L2046H,P17081,1,0.72043
P53350,R262Q,Q13153,0,0.38739
P53350,R262Q,O75914,1,0.55942
P62805,I27V,P84243,1,0.52767
P62805,I27V,Q16695,0,0.42301
P62805,I27V,Q71DI3,0,0.361
P62805,I27V,P49450,1,0.60949
P62805,I27V,P68431,0,0.47813
P15311,E515D,P35240,1,0.58068
Q13002,E723K,O43424,0,0.29682
P41743,N336K,P25963,1,0.61348
P41743,N336K,P19838,0,0.35926
P08574,D269G,P07919,1,0.79659
Q9H2K8,M185I,Q9P289,1,0.63571
Q9H2K8,M185I,Q7L7X3,1,0.63275
Q9H2K8,M185I,O75460,1,0.59589
Q9H2K8,M185I,Q5S007,0,0.4411
Q96T88,E234G,Q96PU4,1,0.70875
P05129,E435G,Q05397,1,0.57144
Q9NVX7,G198V,Q13618,1,0.55178
Q16548,I83F,O43521,0,0.20095
P46934,D1097G,P62837,1,0.93096
P46934,D1097G,P61077,1,0.83702
P46934,D1097G,P51965,1,0.7635
P46934,D1097G,P68036,1,0.65966
Q06323,W134R,Q9UL46,1,0.68915
P02585,E157D,P48788,0,0.06477
O14522,Q1128H,Q16849,1,0.79779
O14522,Q1128H,Q96IA0,1,0.7397
P21802,P253R,P55075,0,0.46494
P21802,P253R,P09038,1,0.54437
P21802,P253R,P05230,0,0.48646
P21802,P253R,P08620,0,0.35483
P21802,P253R,P10767,0,0.45121
P21802,P253R,P31371,0,0.40091
P21802,P253R,Q9GZV9,0,0.26921
P21802,P253R,P12034,0,0.4222
P21802,P253R,O15520,0,0.28482
P21802,P253R,Q92913,0,0.28902
P21802,P253R,O95750,0,0.35504
P21802,P253R,P21781,1,0.56984
P21802,P253R,O60258,0,0.34365
P21802,P253R,O76093,0,0.28766
Q9Y5J7,R66T,P62072,1,0.89801
P08727,K370R,P19012,0,0.23458
P08727,K370R,P04259,0,0.20252
P08727,K370R,B3KVF5,0,0.26863
P08727,K370R,P35908,0,0.25993
P00747,P417S,P00746,1,0.71226
P00747,P417S,P00742,1,0.65797
P00747,P417S,P07288,1,0.7465
Q9BXS5,W408C,Q9Y6Q5,1,0.71716
P05111,C291S,P08476,1,0.8824
P21579,D189V,Q86UR5,1,0.60458
P67775,F286L,P46531,0,0.46123
P67775,F286L,P42773,0,0.28657
P61163,T153S,P42025,1,0.70448
P04637,S241A,Q13625,1,0.56026
P04637,S241A,P62993,0,0.41097
P04637,S241A,Q96KQ4,1,0.60058
P04637,S241A,Q8WUF5,0,0.49422
P04637,S241A,P07948,1,0.66891
P04637,S241A,Q06187,0,0.47569
P04637,S241A,Q96KQ7,0,0.19925
P04637,S241A,H2EHT1,0,0.29613
P04637,S241A,K7PPA8,0,0.36451
Q96JB8,P320L,Q8N3R9,1,0.5319
Q9NR22,I250M,Q99873,1,0.62043
P04637,G244D,O15350,1,0.71532
P04637,G244D,P62993,1,0.70893
Q13177,E115Q,P48729,0,0.2288
Q13177,E115Q,Q13153,0,0.32143
Q13177,E115Q,P06241,0,0.19402
Q13177,E115Q,P07948,0,0.19915
Q13177,E115Q,Q9BUB5,0,0.28809
P42338,A875D,P06239,1,0.59682
P42338,A875D,Q92569,1,0.63273
P42338,A875D,O00459,1,0.67391
P42338,A875D,P27986,1,0.67358
P42338,A875D,P19174,1,0.57917
P42338,A875D,P43403,1,0.63273
P42338,A875D,P43405,1,0.61576
P42338,A875D,P12931,1,0.67069
P42338,A875D,P09769,1,0.6211
P42338,A875D,P06241,1,0.60304
P42338,A875D,O14775,1,0.61199
P42338,A875D,P62993,1,0.58986
P78362,Q116P,Q13523,0,0.36759
P78362,Q116P,O96013,0,0.38941
P78362,Q116P,P49761,0,0.37289
P48730,R98S,P23508,1,0.7441
P48730,R98S,Q00535,0,0.49738
Q96KS0,V336M,Q9H6Z9,0,0.20019
Q9NZJ5,R629W,O14920,0,0.33488
P23396,R40Q,P60866,0,0.45103
Q9UPQ7,T434A,Q8TBB1,0,0.31103
Q9UPQ7,T434A,Q8N448,0,0.29821
P00540,R101W,Q99640,0,0.30945
P00540,R101W,Q13451,1,0.81504
P57796,G162D,O60840,1,0.67562
P28072,A160T,P49721,1,0.6598
P10114,A59P,O95398,1,0.56821
P10114,A59P,Q8WZA2,1,0.53214
P10114,A59P,Q92565,1,0.63321
P10114,A59P,Q8TEU7,1,0.57785
P10114,A59P,P55196,1,0.563
O75147,F1379V,Q8WZ42,1,0.79843
Q9UPQ7,A458G,Q8TBB1,1,0.77097
Q15059,N79S,Q9NPI1,0,0.27956
P53667,D590E,Q16539,0,0.28375
P53667,D590E,Q96SB4,0,0.15856
P53667,D590E,O95835,0,0.20601
P53667,D590E,P53671,0,0.40199
Q1KMD3,G415S,Q9BUJ2,1,0.71095
Q13490,R569L,P98170,1,0.82844
Q13490,R569L,Q96CA5,1,0.8765
Q13490,R569L,Q13489,1,0.84602
P29323,K614R,Q9UM73,0,0.09158
P29323,K614R,Q16539,0,0.33118
Q9Y294,S142P,P21675,1,0.67661
P04637,G244C,O15350,1,0.76532
P04637,G244C,P62993,1,0.73088
Q96J92,R212T,Q9UEW8,0,0.30485
O43915,P135S,P16234,0,0.39546
O43915,P135S,P17948,0,0.46784
O95067,F226L,P06493,1,0.57701
O95067,F226L,P24941,0,0.42221
O95067,F226L,P37173,0,0.25389
O95067,F226L,A3QNQ0,0,0.24536
O95067,F226L,D2JYI1,0,0.21441
P05129,D193N,P47712,1,0.76061
Q96T51,E246K,P61106,0,0.33629
O95398,K841R,P62826,1,0.59246
O95398,K841R,P61224,1,0.57136
O95398,K841R,P62070,1,0.59393
Q00722,E368D,P51178,0,0.1912
P01024,F131L,P01031,1,0.61051
P29622,I396N,P06870,0,0.35841
Q10713,L131F,O75439,0,0.11383
Q9Y230,E20D,Q9Y265,0,0.29665
Q9Y230,R21G,Q9Y265,1,0.68961
Q9BSU3,R79S,Q9BXJ9,0,0.40661
Q9BZY9,E12V,P14373,0,0.39022
P02794,D43N,P02792,1,0.66256
Q8WV41,Y70S,Q9Y5X1,0,0.14845
P28698,R123C,P57086,1,0.51864
Q9BWD1,G287S,B7Z233,0,0.45195
P15538,R57T,P19099,1,0.54374
P13726,P238R,P08709,1,0.58053
P35609,A522G,P12814,1,0.72892
P35609,A522G,Q08043,1,0.72312
P37173,K468Q,Q96T49,0,0.21812
P37173,K468Q,Q9BXA7,0,0.22406
Q9Y2C9,E371G,O60603,0,0.48543
O43364,R145G,O00470,1,0.77775
P10916,A127E,P35579,1,0.64058
P10916,A127E,Q13177,1,0.85154
O43293,A106V,O96017,0,0.36632
P01031,Q785E,P01024,0,0.17427
Q9UJT9,T160M,P63208,0,0.3066
O15018,P644Q,Q96RT1,1,0.76406
P08581,E221G,Q92854,0,0.27804
P46663,H199N,P25101,0,0.31943
P46663,H199N,P30968,0,0.40792
P60842,N280S,Q53EL6,1,0.53633
P60842,N280S,B4DKX4,1,0.53381
Q9BXA7,R232H,P37173,0,0.21599
P40926,T73S,Q6ZMR3,0,0.16371
P00918,P200S,Q16790,1,0.64554
P13196,G470V,Q5JAM2,1,0.61756
Q9P0K7,L59V,Q5S007,0,0.28747
P20290,G102A,Q9H009,0,0.36484
P20290,G102A,E9PAV3,0,0.36316
P20290,G102A,Q13765,0,0.41302
P05129,D248H,P47712,1,0.74431
P05129,D248H,P46108,0,0.39283
P10145,T39I,Q92583,1,0.51881
P10145,T39I,P13501,1,0.63315
P00491,E201V,Q13126,1,0.50983
Q9BYV6,H90P,Q8N5U6,1,0.67739
Q9BYV6,H90P,P14373,1,0.561
Q9BYV6,H90P,Q9BZR9,1,0.76374
P20701,P994R,P06756,1,0.59832
P20701,P994R,P05556,1,0.72077
O75928,D204Y,Q8N2W9,1,0.87402
Q14318,F145L,Q16539,1,0.6586
Q14318,F145L,P42345,1,0.78331
Q14318,F145L,Q13131,1,0.53469
P24752,S139N,P42765,1,0.63124
Q9Y2U5,T339N,P45985,0,0.32854
Q9Y2U5,T339N,Q15208,0,0.13411
Q9Y2U5,T339N,O14733,0,0.13139
P0CG48,Q125P,P21734,1,0.59037
P0CG48,Q125P,P61077,1,0.53992
P0CG48,Q125P,Q99816,1,0.6025
P56703,F334Y,Q9UP38,1,0.53669
P56703,F334Y,O75084,1,0.56072
P28161,Y138F,P09488,0,0.46471
P50591,P119S,Q6IBA9,0,0.1184
P15408,E150K,P17535,0,0.28011
P62805,D25N,P84243,0,0.37486
P62805,D25N,Q16695,0,0.3756
P62805,D25N,P49450,0,0.38655
P62805,D25N,P68431,0,0.47502
Q15208,K332T,Q13233,0,0.28966
Q7L576,I1063S,Q9Y2A7,1,0.68664
Q16512,E764K,P12814,1,0.73486
P41743,G317V,P25963,1,0.57505
P41743,G317V,P51617,1,0.52318
P41743,G317V,O43353,1,0.75099
P04150,E751K,Q13133,0,0.35745
P04150,E751K,P51843,0,0.32605
P45984,S282A,Q05923,0,0.11599
P45984,S282A,Q16829,0,0.14111
P45984,S282A,Q02779,0,0.08591
P45984,S282A,Q9Y6W6,0,0.21774
P45984,S282A,Q9BY84,0,0.14753
P45984,S282A,P28562,0,0.1131
P45984,S282A,Q13115,0,0.10025
P45984,S282A,Q16690,0,0.11798
P45984,S282A,Q16828,0,0.07105
P45984,S282A,Q13202,0,0.21821
P14598,S189I,Q8IZP0,1,0.75056
P14598,S189I,P19878,1,0.59875
O14503,L101F,P15172,0,0.48426
O14503,L101F,O00327,0,0.4215
O15444,S57R,P13501,0,0.37875
O15444,S57R,O43927,0,0.29521
O15444,S57R,O00585,0,0.35551
O15444,S57R,O15467,0,0.3925
O75015,K179T,P01857,1,0.59609
Q9UPX8,I307F,P78352,1,0.70824
P19174,I574M,Q12913,0,0.39064
P19174,I574M,Q92835,0,0.15459
Q9BZD4,S86R,O14777,1,0.55366
Q9BZD4,S86R,A8K031,1,0.55779
Q9H7D0,I81T,P62993,1,0.56281
P35348,H256Q,P25024,0,0.31827
O43172,R439Q,Q9UMS4,0,0.3332
Q96F10,L167F,P21673,0,0.4088
Q96F10,L167F,Q6ICU9,0,0.28076
Q96F10,L167F,I3L0W4,0,0.19719
P62805,R40Q,P84243,0,0.45624
P62805,R40Q,Q16695,0,0.49334
P62805,R40Q,Q71DI3,0,0.47416
P62805,R40Q,P49450,0,0.367
P62805,R40Q,P68431,1,0.58292
P62805,R40Q,B4E1C1,0,0.33646
P62805,R40Q,Q53F85,0,0.32815
P10153,W37R,P13489,1,0.70981
O75582,S263C,O75676,0,0.27113
O75582,S263C,Q16539,1,0.50274
O75582,S263C,Q15759,1,0.5308
O75582,S263C,B4E0K5,0,0.44248
O75582,S263C,L7RSM2,0,0.4886
P19174,S705C,Q8NEB9,1,0.67511
Q13596,L351V,O60749,1,0.56815
Q12772,A373G,P36956,1,0.61142
P62805,K92N,Q9UER7,0,0.31516
P62805,K92N,Q8NCD3,1,0.69108
P62805,K92N,B4E1C1,0,0.36777
P62805,K92N,Q53F85,0,0.44826
Q5TCY1,E294K,Q6IQ55,1,0.52115
Q13042,K459R,Q8NHZ8,0,0.14055
O14978,W69R,Q9NWS9,1,0.71276
O14978,W69R,Q8NBB4,1,0.6857
O14978,W69R,H0UIA5,1,0.77228
O43557,G188R,Q06643,0,0.40338
P01031,A1171V,P07358,1,0.60502
P43405,S379F,P25963,0,0.3501
P55209,K276Q,Q01105,0,0.48386
Q96QE3,Q1274H,P35249,0,0.18141
Q96QE3,Q1274H,P12004,0,0.2928
Q9GZV9,R140W,P21802,0,0.46912
P23435,V91M,Q6UW01,0,0.36669
Q9NTU7,A72T,Q6UW01,0,0.44199
O00311,E533Q,Q9UPZ9,0,0.09717
P17252,S349R,Q06187,0,0.41413
P17252,S349R,Q14315,1,0.55506
P17252,S349R,Q15746,0,0.49248
Q8TE12,R197C,P61371,1,0.82972
Q8TE12,R197C,Q9UBR4,1,0.73439
Q96LB4,R17W,P36543,0,0.43637
P00533,E114K,Q92625,0,0.26424
P00533,E114K,Q7Z6G8,0,0.11436
P00533,E114K,Q86YJ7,0,0.22566
P62879,M101T,P63096,1,0.595
P62879,M101T,P04899,1,0.63509
P62879,M101T,P08754,1,0.57542
P62879,M101T,Q13371,1,0.52757
P62879,M101T,P49758,1,0.61587
P25105,I191M,P28335,0,0.39523
P25105,I191M,P30411,0,0.34168
Q15427,P45S,Q14103,1,0.81838
Q15427,P45S,P98175,1,0.80995
Q15427,P45S,Q01085,1,0.73867
Q15427,P45S,Q7Z3D7,1,0.83065
P00736,P211S,P09871,1,0.86395
O96017,R346H,O43293,1,0.58003
O96017,R346H,O15297,1,0.51684
O43915,F132Y,P16234,0,0.10861
O43915,F132Y,P17948,0,0.22563
P49802,S285R,O14775,0,0.30918
P62807,K121E,P16104,0,0.32248
Q9H1R3,V279A,Q06187,0,0.42478
Q9H1R3,V279A,P10916,0,0.14378
A1X283,A272S,Q96B97,1,0.50038
P19387,L256V,Q9Y2S0,0,0.13298
P19387,L256V,P52435,0,0.24723
Q92973,D551V,P09651,1,0.71876
Q92973,D551V,P52272,1,0.8268
P20337,Q74H,Q9UQ26,1,0.57852
P20337,Q74H,Q9Y2J0,1,0.61438
P20337,Q74H,Q9UNE2,1,0.63295
P20337,Q74H,Q86UR5,1,0.58013
Q9Y2X9,A375T,Q05516,0,0.2084
P10721,M638I,P06241,0,0.28812
P10721,M638I,P42679,0,0.37271
P10721,M638I,P42680,0,0.45276
A0AVT1,M985T,P68036,1,0.85066
A0AVT1,M985T,Q9H832,1,0.78223
A0AVT1,M985T,P51668,1,0.79295
A0AVT1,M985T,P62837,1,0.67858
A0AVT1,M985T,P61077,1,0.8749
A0AVT1,M985T,P60604,1,0.62782
A0AVT1,M985T,Q16763,1,0.64238
A0AVT1,M985T,Q9NPD8,1,0.8599
P40145,T1035S,O60503,0,0.39997
P04637,C242R,P62993,1,0.87066
P04637,C242R,Q9H3D4,1,0.81147
P04637,C242R,Q96KQ4,1,0.92093
P04637,C242R,P07948,1,0.84817
P04637,C242R,Q06187,1,0.79014
P04637,C242R,Q96KQ7,1,0.66777
P04637,C242R,H2EHT1,1,0.85216
P04637,C242R,K7PPA8,1,0.91892
Q92851,R472W,P55210,1,0.73343
Q92851,R472W,P29466,1,0.70659
Q92851,R472W,P42575,0,0.34698
Q92851,R472W,Q14790,1,0.64375
Q92851,R472W,P49662,1,0.56839
Q13363,P308H,P56545,1,0.64123
P14210,P537T,P00749,0,0.39214
P15882,M53L,O43639,0,0.10329
O60469,I1332F,Q9BXB1,0,0.19135
P05107,D300H,Q9UKX5,1,0.63088
P05107,D300H,P11215,1,0.74247
P05107,D300H,Q13683,1,0.69429
P48730,T44S,P78396,0,0.26858
P40145,Y406C,O95622,1,0.62309
P06493,D73H,P24864,0,0.40887
P06493,D73H,P20248,0,0.46555
P06493,D73H,P24941,1,0.66641
P06493,D73H,P34925,1,0.57602
P06493,D73H,P38936,0,0.2806
P06493,D73H,P78396,0,0.35348
P06493,D73H,P41002,0,0.31374
P06493,D73H,P24385,1,0.51746
O60896,P114L,Q16602,1,0.66622
P46527,K25Q,Q15418,0,0.18664
P04637,C275S,Q9H3D4,1,0.63845
P05129,A378T,Q05397,1,0.65658
P35609,I750V,P62158,0,0.19784
Q9H4E5,P52S,Q96BY6,0,0.42695
Q9H4E5,P52S,Q8NF50,1,0.6499
Q8N8V4,S107C,Q5S007,1,0.6383
P63010,P517R,O94973,1,0.82961
P63010,P517R,O95782,1,0.6892
Q9UKS6,H288N,Q9BY11,0,0.39276
Q9UKS6,H288N,Q9UNF0,0,0.46794
Q9UKS6,H288N,Q5TZC3,0,0.37587
Q9UKS6,H288N,Q6FIA3,0,0.4341
Q9GZQ8,V46F,Q9H492,1,0.78519
Q14790,E290D,P19838,0,0.12889
Q14790,E290D,Q13418,0,0.27041
P42345,P2062S,Q969H0,1,0.60989
P42345,P2062S,P62879,1,0.56325
Q6DT37,A81P,Q9UHD2,1,0.69141
Q13303,R48Q,B2R776,0,0.1287
Q6VAB6,E929Q,P28482,0,0.35377
Q6VAB6,E929Q,P27361,0,0.44383
Q13748,T253R,P23258,0,0.37719
O14818,L172M,P25786,0,0.41518
O14818,L172M,P25788,1,0.62404
O14818,L172M,P28066,1,0.51401
O14818,L172M,B4E0X6,1,0.60318
Q8IV61,I74T,O14807,0,0.45385
Q16539,A299V,P53667,1,0.66158
Q16539,A299V,P52333,0,0.34006
Q9BYE7,S115A,Q06587,0,0.31141
Q9BYE7,S115A,Q9NS91,0,0.22941
Q9BYE7,S115A,Q8N9I9,0,0.06632
Q9BYE7,S115A,Q99496,0,0.13263
Q9UJV3,A230T,Q9BYV2,0,0.27583
P98160,V3520L,P35555,1,0.50924
P98160,V3520L,P21781,0,0.44863
O60266,T407N,P63096,1,0.68417
O60266,T407N,P04899,1,0.6739
P20339,I102F,Q96Q42,1,0.5922
Q9UI95,K44R,Q9UM11,0,0.23296
P18754,Y323D,P62826,1,0.81319
P18754,Y323D,B4DV51,1,0.83091
P18754,Y323D,Q5T081,1,0.68262
Q2M1Z3,S58L,P63000,1,0.7255
Q14995,L555I,P20393,1,0.54903
Q14995,L555I,P51449,1,0.52219
Q04912,V1241D,P27986,1,0.51114
Q04912,V1241D,P31749,0,0.43062
P04899,C112Y,O14924,0,0.21872
P04899,C112Y,O43566,0,0.30975
Q9NSE2,S109G,P00533,1,0.79101
Q9NSE2,S109G,P17252,1,0.62438
Q9NSE2,S109G,P05771,1,0.61159
Q9NSE2,S109G,P10721,1,0.69228
Q9NSE2,S109G,P06239,1,0.78693
Q9NSE2,S109G,P04626,1,0.70541
P52757,K412N,Q9H0H5,1,0.57448
P22459,D213E,Q13303,1,0.74417
P48544,F93V,P48549,1,0.75154
Q13619,D748E,Q6PH85,0,0.30515
Q13619,D748E,Q8IWE4,0,0.44977
Q13619,D748E,Q96GG9,1,0.63629
Q13619,D748E,Q92564,0,0.36366
Q13619,D748E,Q9BTE7,0,0.20193
Q15596,E121K,P27540,0,0.33496
Q15596,E121K,Q16665,0,0.26034
Q15596,E121K,Q9Y6Q9,0,0.2933
Q15596,E121K,B0AZM1,0,0.16434
O94762,H185D,Q86XP3,0,0.26049
P63261,N296Y,Q9Y6U3,1,0.63167
P63261,N296Y,P06396,1,0.75418
Q12798,T102I,P17612,0,0.3498
P24864,L161V,Q99640,1,0.67436
P11308,S329L,P50549,1,0.67147
P11308,S329L,Q01543,1,0.70968
P11308,S329L,P17947,0,0.45604
Q13148,T153M,Q92879,0,0.39265
Q13148,T153M,P11940,0,0.39608
Q13148,T153M,Q13310,0,0.36512
Q13148,T153M,Q8IUH3,1,0.52649
Q13148,T153M,P38159,1,0.65449
Q13148,T153M,Q13247,1,0.63053
Q7Z3B4,M343I,P37198,0,0.22216
P16104,D91N,Q16778,1,0.57016
Q13972,E254Q,P61586,0,0.08919
Q13972,E254Q,P62070,0,0.08709
Q13972,E254Q,P63000,0,0.08573
Q13972,E254Q,P01112,0,0.26363
Q14974,T427R,P52292,1,0.56659
Q14974,T427R,O95149,1,0.69008
Q14974,T427R,O00629,1,0.53476
Q14974,T427R,P52294,1,0.5467
Q14974,T427R,O60684,1,0.53151
Q14974,T427R,Q7Z726,1,0.56853
Q9NRY4,F1409L,P61586,0,0.30336
Q9NRY4,F1409L,Q92730,0,0.29259
Q9NRY4,F1409L,P52198,0,0.29589
Q9NRY4,F1409L,P61587,0,0.32814
P51813,V625I,Q13153,0,0.32987
P51813,V625I,P00533,1,0.62361
P56159,R226L,P39905,1,0.79529
Q6ZN04,C542W,P61077,1,0.90955
Q07817,G187S,Q07812,0,0.4728
P28702,N448I,P49116,1,0.60747
Q86UR5,T69R,P20337,0,0.18616
Q86UR5,T69R,Q96E17,0,0.37877
Q86UR5,T69R,O95716,0,0.1615
Q86UR5,T69R,P51159,0,0.30162
Q86UR5,T69R,P61026,0,0.28157
Q86UR5,T69R,Q9ULW5,0,0.33549
Q86UR5,T69R,Q96AX2,0,0.23674
Q86UR5,T69R,P20336,0,0.36983
P13591,L118P,P06241,1,0.58028
P21802,S252W,P55075,1,0.70666
P21802,S252W,P09038,1,0.86097
P21802,S252W,P05230,1,0.80252
P21802,S252W,P10767,1,0.82776
P21802,S252W,P31371,0,0.46309
P21802,S252W,Q9GZV9,0,0.36502
P21802,S252W,O95750,1,0.57979
P21802,S252W,P21781,1,0.87241
P21802,S252W,O60258,1,0.62296
P21802,S252W,O76093,1,0.58112
P52333,T685N,P45984,0,0.22874
P52333,T685N,Q16539,0,0.11455
P52333,T685N,O14512,0,0.49791
P52333,T685N,O60674,0,0.34974
P52333,T685N,Q92569,0,0.41741
P52333,T685N,P10721,0,0.18469
P52333,T685N,P23458,0,0.37617
P52333,T685N,Q02750,1,0.50841
P52333,T685N,P27986,0,0.28878
P52333,T685N,P29597,0,0.3692
P52333,T685N,P31749,0,0.40572
P31949,F77Y,P04271,0,0.49213
Q9H4A3,H347N,Q14315,1,0.60278
A0FGR9,S487Y,A0FGR8,1,0.85744
P08908,K191M,Q8NDV2,0,0.24703
P05230,Y109D,P21802,1,0.75792
P05230,Y109D,P11362,1,0.81789
P05230,Y109D,P22607,1,0.83654
P05230,Y109D,P22455,1,0.85599
P05230,Y109D,P35968,1,0.76597
P05230,Y109D,A8K147,1,0.89725
P05230,Y109D,D2CGD1,1,0.7596
P05230,Y109D,D3DRD5,1,0.7596
P05230,Y109D,Q16089,1,0.81283
P35869,K37T,O00327,1,0.71667
P35869,K37T,Q53F30,0,0.43398
Q9Y6R4,N1490Y,O14733,1,0.60282
Q9Y6R4,N1490Y,P46734,1,0.63518
Q9Y6R4,N1490Y,A8K3Y2,1,0.78287
O14576,A580S,P43034,0,0.19412
Q15382,E53D,P01112,0,0.28397
P24821,T959A,P02751,0,0.48628
P11802,T177I,Q14012,1,0.65823
P11802,T177I,Q16539,1,0.73251
Q86U06,D277H,Q9BWF3,1,0.74926
P20807,I765V,Q8WZ42,0,0.45355
P62942,F100L,P36896,1,0.75882
P62942,F100L,P36894,1,0.71314
P62942,F100L,P36897,1,0.65211
P62942,F100L,P37023,1,0.5715
P62942,F100L,Q5T7S2,1,0.6837
P42336,H1047R,Q13535,0,0.33184
P42336,H1047R,P27986,1,0.59884
P42336,H1047R,O00459,1,0.59093
P42336,H1047R,P43403,1,0.56183
