Mutation_Effect_Label,UniProt_ID,Mutation,Interactor_UniProt_ID,Final_ddG,Template_cath_id_pdb,Chain_id,Elaspic_ddG_Fixed_Prediction
1,Q9BPZ3,F118A,P11940,1.2197,1jgn,B,1
1,P01116,Y40C,P50749,2.07695,3ddc,A,1
1,Q96QK1,F534D,Q9UBQ0,2.69571,2r17,C,1
1,Q96QK1,F534D,Q9UBQ0-2,2.69571,2r17,C,1
1,O43521-3,G66A,Q07812,0.683334,3fdl,B,1
1,O43521-3,G66A,Q07812-2,1.69559,3fdl,B,1
1,O43521-3,G66A,Q07812-4,1.34983,2nl9,B,1
1,O43521-3,G66A,Q07812-5,1.0328,2nl9,B,1
1,O43521-3,G66A,Q07812-6,1.61919,2nl9,B,1
1,O43521-3,G66A,Q07812-7,0.984865,3fdl,B,1
1,O43521-3,G66A,Q07812-8,1.66273,3fdl,B,1
0,Q13418,Q362H,Q9NVD7,0.621791,3rep,A,1
1,Q9BV40,L51P,Q9UNK0,2.34458,1gl2,A,1
0,P11802,R24C,P42772,2.6316,1bi7,A,1
1,Q9HAU5,M1173E,Q92900,2.06327,2wjv,E,1
1,Q9HAU5,M1173E,Q92900-2,0.234061,2wjv,E,1
0,Q969J2,G79R,Q96IT1,-0.0941584,3lhr,B,0
1,Q9UH99,S641E,Q8WXH0-3,1.34238,4dxr,A,1
1,Q9UH99,S641E,Q8WXH0-4,1.34238,4dxr,A,1
1,Q9UH99,S641E,Q8WXH0-7,1.34238,4dxr,A,1
1,Q9UH99,S641E,Q8WXH0,1.14171,4dxr,A,1
1,Q9UH99,S641E,Q8WXH0-2,1.44652,4dxr,A,1
1,Q9UH99,S641E,Q8WXH0-5,1.14171,4dxr,A,1
1,Q9UH99,S641E,Q8WXH0-6,1.14171,4dxr,A,1
1,Q9Y4K3,L74E,P61088,2.47439,3hct,A,1
1,P62805,R37A,Q71DI3,1.37569,1kx5,B,1
1,P38919,R206E,O15234,1.86773,3ex7,C,1
1,Q15013,Q83A,Q13257,0.72325,2qyf,B,1
1,Q13241,F114A,P13747,1.24832,1p1z,D,1
1,P01112,E37G,P04049,1.85324,4g0n,A,1
1,P01112,E37G,P04049-2,2.158,4g0n,A,1
1,Q53EL6,D414A,P60842,1.30284,2zu6,B,1
1,Q99558,K430A,O14920-3,0.678092,4idt,B,1
0,P42773,T69A,Q00534,1.32645,1blx,B,1
1,O43521-3,G66A,Q92843,1.371,3fdl,B,1
1,O43521-3,G66A,Q92843-2,1.20538,3fdl,B,1
0,Q13794,F32I,Q07817,0.0933344,3mqp,B,1
1,Q96F10,R126C,P21673,-0.402073,2b4d,B,0
0,P61587,Y60A,O43157,2.29882,3su8,A,1
0,Q15019,H270D,Q14141-2,1.09521,2qag,A,1
0,Q15019,H270D,Q14141-3,0.362312,2qag,A,1
0,Q15019,H270D,Q14141-4,1.09521,2qag,A,1
1,P04049,R89L,P15056,-0.228175,3ny5,D,0
0,P50616,Y50N,Q9UIV1,1.35277,2d5r,B,1
0,P50616,Y50N,Q9UIV1-2,1.65902,2d5r,B,1
1,P25815,F74V,P23297,0.864844,2y5i,B,1
1,P25815,I11A,P23297,-0.0926145,2y5i,B,0
0,P60891,N114S,P11908,0.730747,4f8e,B,1
0,P60891,N114S,P11908-2,0.748222,4f8e,B,1
1,Q9HCG8,N174A,P38919,2.1336,4c9b,B,1
1,Q9BZW8,E70A,P09326,0.199825,2ptt,B,1
1,P55957,D95A,Q07817,3.92915,1zy3,B,1
1,Q16665,V336E,P27540,0.844816,4h6j,A,1
1,Q16665,V336E,P27540-2,1.21109,4h6j,A,1
1,Q16665,V336E,P27540-3,1.21109,4h6j,A,1
0,P46527,Y88A,P07948,4.13722,1jsu,C,1
0,P46527,Y88A,P07948-2,4.13722,1jsu,C,1
1,P61587,L90R,O43157-2,0.8588030000000001,3su8,A,1
1,P61587,L90R,O43157,1.20664,3su8,A,1
1,Q92900,V204D,Q9HAU5,2.23892,2wjv,B,1
1,Q8N5H7-2,L469R,P56945-4,0.559952,3t6g,A,1
1,Q8N5H7-2,L469R,P56945-7,0.564556,3t6g,A,1
1,Q8N5H7-2,L469R,P56945-8,2.24391,3t6g,A,1
1,Q8N5H7-2,L469R,P56945,1.5006,3t6g,A,1
1,Q8N5H7-2,L469R,P56945-2,1.72023,3t6g,A,1
1,Q8N5H7-2,L469R,P56945-3,1.5006,3t6g,A,1
1,Q8N5H7-2,L469R,P56945-5,1.72023,3t6g,A,1
1,Q8N5H7-2,L469R,P56945-6,1.5006,3t6g,A,1
1,P02671,C184W,P02675,2.88619,3ghg,J,1
0,P26715,V213A,P13747,-1.05699,1p4l,D,0
1,P38919,H223D,P61326,1.78477,2j0s,A,1
1,Q13241,Q112A,P17693,-0.265805,1p1z,D,0
1,Q9Y376,F178E,Q9P289,1.58505,2wtk,D,1
1,Q9Y376,F178E,Q9P289-2,2.30692,2wtk,D,1
1,Q9Y376,F178E,Q9P289-3,3.29053,3gni,A,1
1,Q9HAU5,F1171E,Q92900,1.98492,2wjv,E,1
1,Q9HAU5,F1171E,Q92900-2,1.23368,2wjv,E,1
1,Q13241,N160A,P17693,0.273145,1p1z,D,1
0,P07195,R172P,P00338-2,1.87822,4aj2,B,1
0,P07195,R172P,P00338-3,1.87822,4aj2,B,1
0,P07195,R172P,P00338-5,1.87822,4aj2,B,1
1,Q15836,L46P,Q9UNK0,2.1597,1gl2,A,1
1,O43521-3,G66E,Q07812,2.54282,3fdl,B,1
1,O43521-3,G66E,Q07812-2,2.36831,3fdl,B,1
1,O43521-3,G66E,Q07812-4,3.3764,2nl9,B,1
1,O43521-3,G66E,Q07812-5,2.63975,2nl9,B,1
1,O43521-3,G66E,Q07812-6,3.15844,2nl9,B,1
1,O43521-3,G66E,Q07812-7,2.86533,3fdl,B,1
1,O43521-3,G66E,Q07812-8,2.63731,3fdl,B,1
1,P15056,L515G,P04049,3.0671,4h58,C,1
1,P15056,L515G,P04049-2,3.0671,4h58,C,1
1,O14893,R213D,Q16637,1.53497,2leh,A,1
1,O14893,R213D,Q16637-2,2.12739,2leh,A,1
1,O14893,R213D,Q16637-3,2.12739,2leh,A,1
1,O14893,R213D,Q16637-4,2.12739,2leh,A,1
0,Q71DI3,M91G,P62805,0.0757666,1kx5,A,1
1,Q96QK1,N725A,Q9UBQ0,2.836,2r17,C,1
1,Q96QK1,N725A,Q9UBQ0-2,2.836,2r17,C,1
1,Q13133,K273A,Q15788,2.17644,1p8d,A,1
1,Q13133,K273A,Q15788-2,2.70024,1p8d,A,1
1,Q13133,K273A,Q15788-3,2.28161,1p8d,A,1
1,Q8N423,Y61A,P17693,1.56256,2dyp,D,1
1,Q9UJM3,M346A,P00533,1.39687,4i21,C,1
1,Q15788,L694A,Q13133,0.917336,1p8d,C,1
1,Q15788,L694A,Q13133-2,2.51642,1p8d,C,1
1,Q15788,L694A,Q13133-3,2.19464,1p8d,C,1
1,Q13133,E441A,Q15788,2.80167,1p8d,A,1
1,Q13257,Y199A,Q12834,1.08123,4aez,H,1
0,P11362,P252R,P08620,1.04912,3ojv,C,1
1,Q13241,Q112A,P13747,-0.0314315,1p1z,D,0
0,O00311,I99T,Q9UBU7,1.40873,4f9a,C,1
1,O14980,F572A,O95149,1.19072,3nc0,D,1
1,Q13241,N160A,P13747,0.446517,1p1z,D,1
1,Q9Y4K3,L74R,P61088,2.09215,3hct,A,1
1,P51809,L157P,O15400,1.2854,1gl2,A,1
1,P51809,L157P,O15400-2,1.2854,1gl2,A,1
1,Q12918,Y201A,Q9UHP7,-0.71604,4iop,B,0
1,Q12918,Y201A,Q9UHP7-2,1.22115,4iop,B,1
1,Q12918,Y201A,Q9UHP7-6,-0.134766,4iop,B,0
0,Q16611,Y110E,P55957,1.17266,4bd2,A,1
0,Q16611,Y110E,P55957-2,1.17732,4bd2,A,1
0,Q13241,T146A,P13747,1.03156,1p1z,D,1
1,P11802,R24H,P42773,2.222,1blx,A,1
1,P61326,D73K,Q9BRP8,-0.250339,1rk8,B,0
1,Q96QK1,Q586A,Q9UBQ0,1.69728,2r17,C,1
1,Q96QK1,Q586A,Q9UBQ0-2,1.69728,2r17,C,1
1,Q9UBQ0,W93A,Q96QK1,1.88146,2r17,A,1
1,Q96QK1,R582D,Q9UBQ0,1.898,2r17,C,1
1,Q96QK1,R582D,Q9UBQ0-2,1.898,2r17,C,1
1,P01903,G53D,P28068,0.0381867,4md4,A,1
1,P56945,L787E,Q8N5H7-4,1.83092,3t6g,B,1
1,Q9BV40,L16P,O43752,2.08157,2nps,A,1
1,Q13257,R133A,Q12834,0.381215,4aez,H,1
1,Q15836,T18P,O15400,1.47102,3hd7,E,1
1,Q15836,T18P,O15400-2,0.721069,1sfc,I,1
0,P02538,I462S,P13646,1.66971,3tnu,B,1
0,Q13794,K35E,Q92843,1.23195,3mqp,B,1
0,Q13794,K35E,Q92843-2,0.860041,3mqp,B,1
1,Q96QK1,Y729A,Q9UBQ0,2.41611,2r17,C,1
1,Q96QK1,Y729A,Q9UBQ0-2,2.41611,2r17,C,1
1,Q15836,V25P,O43752,1.15624,2nps,A,1
1,Q13241,E164A,P17693,-0.176094,1p1z,D,0
0,P55211,P336S,Q13490,0.876141,1nw9,B,1
1,P52298,D107R,Q09161,0.773886,3fey,B,1
1,Q9NQT4,R96Q,Q96B26,2.07851,2nn6,D,1
1,Q8IYM1,G169E,Q8WYJ6,0.193731,3sop,A,1
1,P61326,E117R,Q9BRP8,0.290576,1rk8,B,1
1,P61326,E117R,Q9BRP8-2,1.35006,1rk8,B,1
0,P46527,Y74A,P07948,0.6854020000000001,1jsu,C,1
0,P46527,Y74A,P07948-2,0.6854020000000001,1jsu,C,1
1,Q13418,M402A,Q9NVD7,0.0969079,3rep,A,1
1,Q9UBQ0,P92G,Q96QK1,1.72545,2r17,A,1
1,Q12918,Y198A,Q9UHP7,0.287548,4iop,B,1
1,Q12918,Y198A,Q9UHP7-2,0.874967,4iop,B,1
1,Q12918,Y198A,Q9UHP7-3,0.442634,4iop,B,1
1,Q12918,Y198A,Q9UHP7-6,0.45022,4iop,B,1
0,P02538,I462S,P19012,1.79156,3tnu,B,1
1,P04637,F19A,Q09472,2.71089,2k8f,B,1
0,P60891,D183H,Q14558,0.26477,4f8e,B,1
0,P60891,D183H,Q14558-2,1.39989,4f8e,B,1
1,Q14457,L116A,Q16611,3.58511,2pon,A,1
1,P01112,T35S,Q13671,0.821931,2ot3,B,1
1,P01112,T35S,Q13671-2,0.641713,2ot3,B,1
1,P01112,Y40C,Q13671,1.55459,2ot3,B,1
1,P01112,Y40C,Q13671-2,2.82058,2ot3,B,1
1,Q96NA2,R255A,P51149,1.7014,1yhn,B,1
0,Q9Y248,L150S,Q9BRT9,0.573105,2eho,K,1
1,Q10567,V88D,P84077,1.57611,4hmy,B,1
1,Q96QK1,H675D,Q9UBQ0,2.71646,2r17,C,1
1,Q96QK1,H675D,Q9UBQ0-2,2.71646,2r17,C,1
1,Q8IYM1,D197N,Q8WYJ6,0.362427,3sop,A,1
1,Q9HAU4,C716A,P0CG47,2.3725,4bbn,A,1
1,Q9HAU4,C716A,P0CG47,2.23663,4bbn,A,1
1,O95149,N150A,O14980,0.757759,3nc0,E,1
0,Q13794,F32I,Q92843,-0.556894,3mqp,B,0
0,Q13794,F32I,Q92843-2,-0.411134,3mqp,B,0
1,P63279,H20D,P61956,2.80471,2uyz,A,1
1,P63279,H20D,P61956-2,3.20265,2uyz,A,1
1,O95149,L4A,O14980,0.0316474,3nc0,E,1
1,P51809,T129P,Q9UNK0,0.460422,1gl2,A,1
1,Q92797,K185A,Q9NP77,1.34227,4h3k,D,1
1,Q92797,K185A,Q9NP77-2,1.02678,4h3k,D,1
1,P38919,F232R,O15234,1.45167,3ex7,C,1
0,P13646,R355H,P02538,0.49663,3tnu,A,1
0,P01903,F49S,P01911,2.32485,4i5b,D,1
1,A5PKW4,E621K,P62330,-0.3219619999999999,1r8s,E,0
0,P07195,R172H,P00338-2,0.662635,4aj2,B,1
0,P07195,R172H,P00338-3,0.662635,4aj2,B,1
0,P07195,R172H,P00338-5,0.662635,4aj2,B,1
0,P61587,N86R,O43157-2,2.05502,3su8,A,1
0,P61587,N86R,O43157,0.890623,3su8,A,1
0,P40692,V213M,P54278-2,1.08167,1h7s,B,1
1,O95149,K144D,O14980,0.54629,3nc0,E,1
0,P13747,R129A,Q13241,0.985661,1p1z,A,1
0,P13747,R129A,Q13241-3,0.985661,1p1z,A,1
1,Q9Y4K3,L74H,P61088,1.50793,3hct,A,1
1,Q9BV40,L44P,O43752,1.90307,2nps,A,1
1,P04637,L25A,Q09472,0.328466,2k8f,B,1
1,Q16665,Y340T,P27540,1.02475,4h6j,A,1
1,Q16665,Y340T,P27540-2,1.88828,4h6j,A,1
1,Q16665,Y340T,P27540-3,1.88828,4h6j,A,1
1,Q16531,W561K,Q13619,2.26015,2hye,A,1
1,Q96QK1,F541D,Q9UBQ0,1.54515,2r17,C,1
1,Q96QK1,F541D,Q9UBQ0-2,1.54515,2r17,C,1
0,P13747,T235A,Q13241,0.350649,1p1z,A,1
0,P13747,T235A,Q13241-2,0.436504,1p4l,A,1
0,P13747,T235A,Q13241-3,0.350649,1p1z,A,1
1,Q9BV40,L16P,Q9UNK0,3.32081,1gl2,A,1
1,Q16665,P564G,Q96KS0,2.80496,3hqr,S,1
1,Q16665,P564G,Q96KS0-2,2.80496,3hqr,S,1
0,P11362,P252R,P09038,0.868231,1iil,H,1
0,P11362,P252R,P09038-1,0.659088,1cvs,D,1
0,P11362,P252R,P09038-2,0.659088,1cvs,D,1
0,P11362,P252R,P09038-3,1.21304,1cvs,D,1
1,O14641,Y27D,O15169,2.63456,2d5g,A,1
1,O14641,Y27D,O15169-2,2.63456,2d5g,A,1
1,O15085,R868G,P61586,1.98454,3qbv,D,1
1,P84243,G91V,P62805,-0.528106,1kx5,E,0
0,O43543,V160I,O75771-4,0.372561,1pzn,G,1
0,O43543,V160I,O75771-7,-0.0883244,1pzn,G,0
1,O15111,K44M,P25963,0.503005,3zu7,A,1
0,P11362,P252R,P31371,1.7006599999999998,3ojv,C,1
0,P12272,I64L,Q03431,-0.256543,3h3g,B,0
1,P04637,L22A,Q09472,2.22112,2k8f,B,1
1,O15085,R872D,P61586,0.524656,3qbv,D,1
1,P61326,E68R,Q9BRP8,1.99782,1rk8,B,1
1,P61326,E68R,Q9BRP8-2,4.041440000000001,1rk8,B,1
1,Q8NI22,D122V,P49257,1.99234,3lcp,D,1
1,Q13257,W167A,Q12834,1.30521,4aez,H,1
0,P01133,L996V,P00533-3,-1.3802299999999998,1nql,B,0
0,P01133,H980Y,P00533,0.18687,1nql,B,1
0,P01133,H980Y,P00533-2,0.18687,1nql,B,1
0,P01133,H980Y,P00533-3,1.39651,1nql,B,1
0,P01133,H980Y,P00533-3,0.499867,3ltf,D,1
0,P01133,H980Y,P00533-4,0.18687,1nql,B,1
1,Q92900,E182R,Q9HAU5,0.221506,2wjv,B,1
0,Q13241,N158A,P13747,0.166043,1p1z,D,1
1,P10276,P375L,P48443,1.9878,1xdk,B,1
1,Q8IYM1,D197N,Q14141,0.686938,2qag,A,1
1,Q8IYM1,D197N,Q14141-2,0.686938,2qag,A,1
1,Q8IYM1,D197N,Q14141-3,1.8595,2qag,A,1
1,Q8IYM1,D197N,Q14141-4,0.686938,2qag,A,1
1,Q92692,F145A,Q495A1,2.426,3udw,C,1
1,Q92692,F145A,Q495A1-2,1.77085,3udw,C,1
1,Q9BV36,R35V,P51159-2,1.04214,2zet,D,1
1,Q9BV36,R35V,P51159,1.24482,2zet,C,1
1,Q96QK1,T629D,Q9UBQ0,1.25219,2r17,C,1
1,Q96QK1,T629D,Q9UBQ0-2,1.25219,2r17,C,1
0,P02489,R116C,P02511,0.395974,3n3e,B,1
0,Q9UK55,E404A,P00742,0.318398,2gd4,I,1
1,Q10567,I85D,P84077,1.51171,4hmy,B,1
0,P02538,I462S,O76015,0.937777,3tnu,B,1
0,P13489,Y438A,P03950,3.96457,3tsr,F,1
1,O43809,Y160A,Q16630-3,2.16203,3q2s,B,1
1,O43809,Y160A,Q16630,0.8274459999999999,3p5t,C,1
1,O43809,Y160A,Q16630-2,0.8274459999999999,3p5t,C,1
1,Q96I25,R375A,P26368,0.232416,3v4m,B,1
1,Q96I25,R375A,P26368-2,0.232416,3v4m,B,1
0,Q96CA5,H164R,P55211,0.342915,1nw9,A,1
0,Q96CA5,H164R,P55211-2,0.220494,1nw9,A,1
0,Q96CA5,H164R,P55211-4,0.342915,1nw9,A,1
1,Q9Y2M5,L148A,Q13618,0.836808,4hxi,A,1
1,Q16665,P564G,Q9GZT9-2,3.39942,3hqr,S,1
1,Q16665,P564G,Q9GZT9-3,2.65931,3hqr,S,1
1,Q16665,P564G,Q9GZT9,2.77674,3hqr,S,1
1,Q99558,K430A,O15111,1.0015,4idt,B,1
0,Q8WXD5,S25N,Q9H840,0.421192,1y96,A,1
0,P52294,T433M,Q9UKX7,-0.160301,3tj3,A,0
1,P84077,L77D,Q10567-2,2.70739,4hmy,C,1
1,P84077,L77D,Q10567-3,2.70739,4hmy,C,1
1,P84077,L77D,Q10567-4,2.70739,4hmy,C,1
1,P84077,L77D,Q10567,1.65289,4hmy,C,1
1,Q99814,Q322E,P27540,0.818511,3f1p,A,1
1,Q99814,Q322E,P27540-2,0.818511,3f1p,A,1
1,Q99814,Q322E,P27540-3,0.818511,3f1p,A,1
1,Q9BV40,L44P,Q9UNK0,2.95273,1gl2,A,1
0,P11802,R24H,P55273,2.76238,1blx,A,1
0,P40692,F80V,P54278,1.10465,1h7s,B,1
0,P40692,F80V,P54278-3,1.10465,1h7s,B,1
1,Q14457,G120E,Q07817-3,3.44045,2pon,A,1
1,Q14457,G120E,Q07817,0.187868,2pon,A,1
1,O43541,G471S,Q15797,1.26578,1khu,A,1
1,Q07812,D68R,Q07817,0.479907,4a1w,D,1
1,P61224,F64A,P47736,1.54893,3brw,D,1
1,P61224,F64A,P47736-2,1.7234,3brw,D,1
1,P61224,F64A,P47736-3,2.31402,3brw,D,1
1,P61224,F64A,P47736-4,1.7234,3brw,D,1
1,Q8WXH0,Y6878A,Q9UH99,0.841723,4dxr,B,1
1,Q8WXH0,Y6878A,Q9UH99-2,0.841723,4dxr,B,1
1,Q8WXH0,Y6878A,Q9UH99-3,1.06339,4dxr,B,1
1,Q9BV40,V20P,O15400,2.75902,1gl2,A,1
1,Q9BV40,V20P,O15400-2,2.75902,1gl2,A,1
1,Q15836,L53P,Q9UNK0,2.47042,1gl2,A,1
1,Q16531,A400D,Q13619,0.812089,2hye,A,1
1,O15085,D873N,P61586,-0.117301,3qbv,D,0
1,P38919,R179E,O15234,0.751015,3ex7,C,1
1,P11940,K580A,Q9BPZ3,1.36428,1jgn,A,1
1,Q15672,L159F,P15923,3.13385,2ypa,A,1
1,Q15672,L159F,P15923-2,2.8780900000000003,2ypa,A,1
0,Q16611,L163V,Q07817,-0.676318,4a1w,D,0
0,Q16611,L163V,Q07817-3,-0.209182,3zlr,A,0
1,P25815,F74G,P23297,0.581826,2y5i,B,1
0,P11802,S52N,P42772,-0.555485,1bi7,A,0
0,O00267,I194V,P63272,-0.470718,3h7h,B,0
1,P51809,L157P,Q9UNK0,2.22276,1gl2,A,1
1,Q13133,I442A,Q15788,0.978662,1p8d,A,1
1,Q13133,I442A,Q15788-2,1.18537,1p8d,A,1
1,Q13133,I442A,Q15788-3,1.15378,1p8d,A,1
1,Q8IXQ5,A153T,Q13618-2,1.17776,4hxi,A,1
0,P11802,R24C,P55273,0.921988,1blx,A,1
1,Q99814,Y342T,P27540,1.7364,3f1p,A,1
1,Q99814,Y342T,P27540-2,1.7364,3f1p,A,1
1,Q99814,Y342T,P27540-3,1.7364,3f1p,A,1
1,Q9BV40,L51P,O15400,1.45349,1gl2,A,1
1,Q9BV40,L51P,O15400-2,1.45349,1gl2,A,1
1,Q8WXH0,P6883A,Q9UH99,0.52847,4dxr,B,1
1,Q8WXH0,P6883A,Q9UH99-2,0.52847,4dxr,B,1
1,Q8WXH0,P6883A,Q9UH99-3,1.49047,4dxr,B,1
1,P42773,F37I,Q00534,2.74804,1blx,B,1
1,P84243,E95A,P62805,1.61785,1kx5,E,1
0,Q495M9,E393D,Q9Y6N9-4,1.05667,3k1r,B,1
0,Q495M9,E393D,Q9Y6N9-3,-0.311142,3k1r,B,0
0,Q495M9,E393D,Q9Y6N9,0.331154,3k1r,B,1
0,Q495M9,E393D,Q9Y6N9-5,1.05667,3k1r,B,1
1,Q9HCG8,N171A,P38919,2.71382,4c9b,B,1
1,P10276,P375L,P28702,2.57441,1xdk,B,1
1,P10276,P375L,P28702-3,1.55377,1xdk,B,1
1,P55957,G94A,Q92843,2.19402,1zy3,B,1
1,P15056,I666R,Q02750,4.10995,2y4i,B,1
1,P63279,R17E,P61956,1.67111,2uyz,A,1
1,P63279,R17E,P61956-2,3.67903,2uyz,A,1
1,Q07812,M74E,Q92843,-0.0345179,2y6w,A,0
1,Q07812,M74E,Q92843-2,0.264136,2y6w,A,1
0,Q14203,Q93R,P30622,-0.427864,2hl3,B,0
0,Q14203,Q93R,P30622,-0.364819,2hl3,B,0
0,Q14203,Q93R,P30622-1,-0.427864,2hl3,B,0
0,Q14203,Q93R,P30622-1,-0.711978,2hl3,B,0
0,Q14203,Q93R,P30622-2,-0.487431,2hl3,B,0
0,Q14203,Q93R,P30622-2,-0.711978,2hl3,B,0
0,O43617,K32Q,O75865,4.43837,2j3t,A,1
0,O43617,K32Q,O75865-2,3.339,2j3t,A,1
1,P51809,T129P,O43752,0.453983,2nps,A,1
0,P02538,I462S,Q15323,1.57701,3tnu,B,1
1,P61326,E72R,Q9BRP8,0.847276,1rk8,B,1
1,P61326,E72R,Q9BRP8-2,0.970343,1rk8,B,1
1,Q96AX1,Y438P,Q9H269,2.93338,4bx9,A,1
1,Q96AX1,Y438P,Q9H269-2,2.93338,4bx9,A,1
0,O95405,A797P,P84022,0.57678,1dev,B,1
0,O95405,A797P,P84022-4,0.57678,1dev,B,1
0,O95405,A797P,P84022-2,0.351317,1dev,B,1
0,O95405,A797P,P84022-3,0.351317,1dev,B,1
1,O14965,G198L,Q9NQS7,3.10809,4af3,A,1
1,O14965,G198L,Q9NQS7-2,3.53718,4af3,A,1
1,Q9Y376,M260E,Q9P289-3,1.84654,3gni,A,1
1,P61326,E72A,Q9BRP8,0.602147,1rk8,B,1
1,P61326,E72A,Q9BRP8-2,1.75163,1rk8,B,1
0,P01133,D973Y,P00533,-2.46113,1nql,B,0
0,P01133,D973Y,P00533-2,-2.46113,1nql,B,0
0,P01133,D973Y,P00533-4,-2.46113,1nql,B,0
1,O43521-3,G66E,Q92843,2.16766,3fdl,B,1
1,O43521-3,G66E,Q92843-2,2.57547,3fdl,B,1
0,Q00534,D110N,P42773,0.66992,1blx,A,1
1,Q96AX1,Y438D,Q9H269,2.9184,4bx9,A,1
1,Q96AX1,Y438D,Q9H269-2,2.9184,4bx9,A,1
1,P38919,Y205A,O15234,6.33366,3ex7,C,1
0,P62195,R258W,P43686-2,0.353098,4ko8,A,1
0,P62195,R258W,P43686,0.666394,4ko8,B,1
1,Q53EL6,D253A,P60842-2,0.695775,3eiq,C,1
1,Q96AX1,K429D,Q9H269,0.0743159,4bx9,A,1
1,Q96AX1,K429D,Q9H269-2,0.0743159,4bx9,A,1
1,Q13542,L59A,P06730,2.2994,3am7,B,1
1,Q13542,L59A,P06730-2,1.7994400000000002,3am7,B,1
1,Q13542,L59A,P06730-2,-0.00928318,3am7,B,0
1,Q13542,L59A,P06730-3,2.2994,3am7,B,1
1,Q9UBQ0,L142D,Q96QK1,1.28866,2r17,A,1
0,P51587,V1532I,Q06609-2,0.303067,1n0w,B,1
0,P51587,V1532I,Q06609-3,-0.13838,1n0w,B,0
0,P51587,V1532I,Q06609,1.05989,1n0w,B,1
0,P51587,V1532I,Q06609-4,0.263123,1n0w,B,1
0,P46527,Y89A,P07948,-0.5830310000000001,1jsu,C,0
0,P46527,Y89A,P07948-2,-0.5830310000000001,1jsu,C,0
1,Q15836,L46P,O15400,1.21579,3hd7,E,1
1,Q15836,L46P,O15400-2,0.927881,1sfc,I,1
0,P16220,S142L,Q92793,0.810269,1kdx,B,1
0,P16220,S142L,Q92793-2,0.669306,1kdx,B,1
0,P26715,Q212A,P13747,-0.133626,1p4l,D,0
1,P56945,F794R,Q8N5H7,0.451274,3t6g,B,1
1,P56945,F794R,Q8N5H7-3,0.0798893,3t6g,B,1
1,P56945,F794R,Q8N5H7-5,0.0798893,3t6g,B,1
1,P56945,F794R,Q8N5H7-2,1.24266,3t6g,B,1
1,P56945,F794R,Q8N5H7-4,2.42039,3t6g,B,1
1,P56945,F794R,Q8N5H7-6,1.24266,3t6g,B,1
1,Q14457,F123A,Q16611,2.73353,2pon,A,1
1,Q9Y2M5,I111A,Q13618,1.06761,4hxi,A,1
0,P13646,R355H,P35908,0.917338,3tnu,A,1
1,P61224,Q63E,P47736,0.911701,3brw,D,1
1,P61224,Q63E,P47736-2,0.378951,3brw,D,1
1,P61224,Q63E,P47736-3,0.390293,3brw,D,1
1,P61224,Q63E,P47736-4,0.378951,3brw,D,1
0,P16220,S142L,Q09472,1.14665,1kdx,B,1
0,P01116-2,K128A,P04049-2,3.27706,2v55,D,1
0,P13489,Y435A,P03950,1.58161,3tsr,F,1
1,Q9Y570,S156A,P67775,0.448956,3c5w,P,1
1,Q9Y570,S156A,P67775-2,1.6101,3c5w,P,1
1,Q15013,F191A,Q13257,2.6347,2qyf,B,1
0,P55211,P336S,P98170,1.22512,1nw9,B,1
1,P84243,G91V,Q9UER7,-0.0428386,4hga,B,0
1,P84243,G91V,Q9UER7-3,-0.0428386,4hga,B,0
1,O14980,F561A,O95149,0.909251,3nc0,D,1
0,O75771,R165Q,O43543,0.761459,1pzn,B,1
0,Q15843,A72R,P62837,0.612743,4ap4,F,1
1,P55957,D95A,Q92843,2.20332,1zy3,B,1
1,Q9Y376,R227A,O95747,0.534774,3gni,A,1
1,Q9Y294,D37A,P54198,3.18837,2i32,B,1
1,Q9Y294,D37A,P54198-2,2.91452,2i32,B,1
1,P25815,I75G,P23297,0.873283,2y5i,B,1
1,Q9Y376,R227A,Q9UEW8,0.910535,3gni,A,1
1,P01903,G53H,P28068,1.47822,4md4,A,1
1,P54727,L8A,P55036,0.344309,1uel,A,1
1,Q8NI22,D89A,P49257,3.00856,3lcp,D,1
1,P51809,L136P,Q9UNK0,1.62215,1gl2,A,1
0,Q9Y248,D24G,Q9BRT9,0.983328,2eho,K,1
0,P13747,T235A,P26715,-0.913146,1p4l,A,0
0,P13747,T235A,P26715-2,-0.587695,1p4l,A,0
1,P61081,N113A,Q15843,1.22836,4ap4,E,1
1,Q15788,L693A,Q13133,1.38831,1p8d,C,1
0,O15111,S176E,P25963,-0.262107,3zu7,A,0
1,O43521-3,G66A,P10415,0.510358,1pq1,B,1
1,O43521-3,G66A,P10415-2,0.945436,3fdl,B,1
0,Q00987,Y489F,O15151,0.46441,2vje,A,1
0,Q00987,Y489F,O15151-4,0.46441,2vje,A,1
0,Q00987,Y489F,O15151-5,0.46441,2vje,A,1
0,P40692,C77R,P54278,1.76213,1h7s,B,1
0,P40692,C77R,P54278-3,1.76213,1h7s,B,1
1,P15056,R509H,P04049,4.97192,4h58,C,1
1,P15056,R509H,P04049-2,4.97192,4h58,C,1
1,O15085,R867Q,P61586,0.180869,3qbv,D,1
0,P00533,L858R,Q9NSE2-2,1.07731,4gl9,A,1
0,O00311,I99L,Q9UBU7,-0.0154668999999999,4f9a,C,0
1,Q15836,L53P,O43752,2.26939,2nps,A,1
1,P38919,T178D,O15234,0.495873,3ex7,C,1
1,Q96QK1,R637D,Q9UBQ0,1.74335,2r17,C,1
1,Q96QK1,R637D,Q9UBQ0-2,1.74335,2r17,C,1
1,P23297,L12H,P25815,1.34736,2y5i,A,1
1,Q9H334,W534R,O15409,2.66109,2a07,I,1
1,Q9H334,W534R,O15409-2,2.66109,2a07,I,1
1,Q9H334,W534R,O15409-4,2.66109,2a07,I,1
1,Q9H334,W534R,O15409-9,2.66109,2a07,I,1
1,Q13241,L162A,P17693,1.05984,1p1z,D,1
1,O15111,K44A,P25963,-0.097966,3zu7,A,0
0,Q12918,E200R,Q9UHP7,0.86636,4iop,B,1
0,Q12918,E200R,Q9UHP7-2,1.97067,4iop,B,1
0,Q12918,E200R,Q9UHP7-3,1.71687,4iop,B,1
0,Q12918,E200R,Q9UHP7-6,0.919171,4iop,B,1
1,Q13542,Y54A,P06730,6.45966,3am7,B,1
1,Q13542,Y54A,P06730-2,2.32663,3am7,B,1
1,Q13542,Y54A,P06730-2,-0.150257,3am7,B,0
1,Q13542,Y54A,P06730-3,6.45966,3am7,B,1
1,Q9BV36,R35F,P51159-2,0.5074380000000001,2zet,D,1
1,Q9BV36,R35F,P51159,1.03327,2zet,C,1
1,P25815,F71A,P23297,0.742402,2y5i,B,1
1,P84077,I49D,Q10567-2,2.89758,4hmy,C,1
1,P84077,I49D,Q10567-3,2.89758,4hmy,C,1
1,P84077,I49D,Q10567-4,2.89758,4hmy,C,1
1,P84077,I49D,Q10567,3.37102,4hmy,C,1
1,P25815,I12A,P23297,1.38908,2y5i,B,1
1,Q9Y4K3,I72F,P61088,1.31296,3hct,A,1
1,P51809,L157P,O43752,2.31105,2nps,A,1
0,P21912,R177A,P31040,1.56928,1zoy,B,1
0,Q14203,Q93K,P30622,0.14277,2hl3,B,1
0,Q14203,Q93K,P30622,-1.11689,2hl3,B,0
0,Q14203,Q93K,P30622-1,0.14277,2hl3,B,1
0,Q14203,Q93K,P30622-1,-0.815883,2hl3,B,0
0,Q14203,Q93K,P30622-2,-0.487431,2hl3,B,0
0,Q14203,Q93K,P30622-2,-0.815883,2hl3,B,0
0,P01270,H63A,Q03431,1.50652,3c4m,D,1
1,P13501,E49A,P02776,1.22154,1ilp,B,1
1,P51809,T129P,O15400,0.791848,1gl2,A,1
1,P51809,T129P,O15400-2,0.791848,1gl2,A,1
0,P00492,P38S,Q9NRG1,2.37405,3ggc,A,1
0,P00492,P38S,Q9NRG1-2,0.479064,3ggc,A,1
1,P61326,D66R,Q9BRP8,-0.272493,1rk8,B,0
1,P61326,D66R,Q9BRP8-2,1.92071,1rk8,B,1
1,P02671,C184W,P02679,2.16732,3ghg,A,1
1,P02671,C184W,P02679-2,1.67386,3ghg,A,1
1,Q9Y4K3,L74K,P61088,2.11725,3hct,A,1
1,P61587,V87R,O43157-2,2.52635,3su8,A,1
1,P61587,V87R,O43157,2.16326,3su8,A,1
0,Q9Y248,I26T,Q9BRT9,0.663944,2eho,K,1
1,Q9UBQ0,A141D,Q96QK1,0.870601,2r17,A,1
1,Q9UBQ0,G94P,Q96QK1,0.507886,2r17,A,1
1,Q9BZW8,K68A,P09326,0.00413428,2ptt,B,1
0,O00311,K416T,Q9UBU7,1.24,4f9a,C,1
1,Q9UJM3,Y358A,P00533,5.97772,4i21,C,1
1,Q9BV40,L16P,O15400,1.84121,1gl2,A,1
1,Q9BV40,L16P,O15400-2,1.84121,1gl2,A,1
1,Q9H269,R725E,Q96AX1,3.36155,4bx9,C,1
1,Q07812,M74R,Q92843,-0.088496,2y6w,A,0
1,Q07812,M74R,Q92843-2,0.208877,2y6w,A,1
1,Q9UBQ0,W93D,Q96QK1,2.9596,2r17,A,1
1,P16144,R1281A,Q15149,1.5522,3f7p,C,1
1,P16144,R1281A,Q15149-2,6.01948,3f7p,C,1
1,P16144,R1281A,Q15149-4,6.01948,3f7p,C,1
1,P16144,R1281A,Q15149-5,6.01948,3f7p,C,1
1,P16144,R1281A,Q15149-8,6.01948,3f7p,C,1
1,P16144,R1281A,Q15149-9,1.5522,3f7p,C,1
1,P11940,K580A,Q9H074,1.09051,1jh4,A,1
0,P11802,N41S,P42772,-1.99459,1bi7,A,0
1,Q15836,V25P,O15400,0.883469,3hd7,E,1
1,Q15836,V25P,O15400-2,0.97884,1sfc,I,1
1,Q16665,P564G,Q9H6Z9,3.63668,3hqr,S,1
1,Q8IWE4,D271A,Q13618-2,2.34005,3tdu,A,1
1,Q8IWE4,D271A,Q13618-3,2.34005,3tdu,A,1
1,Q8IWE4,D271A,Q13618,1.30332,3tdu,A,1
1,Q8WXH0,L6876A,Q9UH99,0.368004,4dxr,B,1
1,Q8WXH0,L6876A,Q9UH99-2,0.368004,4dxr,B,1
1,Q8WXH0,L6876A,Q9UH99-3,0.498517,4dxr,B,1
0,P63272,L10V,O00267,-0.0806781999999999,3h7h,A,0
0,P63272,L10V,O00267-2,-0.0806781999999999,3h7h,A,0
1,O15085,I876M,P61586,0.205594,3qbv,D,1
1,P63279,V25M,P63165,3.35336,2uyz,A,1
1,P63279,V25M,P63165-2,2.29438,2uyz,A,1
0,Q8WXD5,V57L,Q9H840,-0.226125,1y96,A,0
1,Q96AX1,I441K,Q9H269,0.720542,4bx9,A,1
1,Q96AX1,I441K,Q9H269-2,0.720542,4bx9,A,1
1,Q13241,F114A,P17693,1.00496,1p1z,D,1
1,P01903,G53H,P01911,3.04653,4i5b,D,1
0,P26715,K217A,P13747,-0.0740403,1p4l,D,0
1,Q92730,E48A,O43157,1.49737,3su8,A,1
1,Q92730,E48A,O43157-2,1.28523,3su8,A,1
1,Q9BV36,R35W,P51159-2,0.649853,2zet,D,1
1,Q9BV36,R35W,P51159,2.04377,2zet,C,1
1,Q9Y4K3,I72K,P61088,1.30723,3hct,A,1
1,Q99814,M338E,P27540,1.91064,3f1p,A,1
1,Q99814,M338E,P27540-2,1.91064,3f1p,A,1
1,Q99814,M338E,P27540-3,1.91064,3f1p,A,1
0,P11362,P252R,P10767,1.17669,1cvs,D,1
1,Q9UJM3,F352A,P00533,4.29226,4i21,C,1
1,P62805,R36A,Q71DI3,0.383736,1kx5,B,1
0,P46734,T222E,Q9Y463,0.857536,3anq,D,1
0,P46734,T222E,Q9Y463-2,0.914658,3anq,D,1
0,P46734,T222E,Q9Y463-3,0.674163,3anq,D,1
0,P01270,K58L,Q03431,2.3097,3c4m,D,1
0,Q9H840,R68C,Q8WXD5,1.35489,1y96,B,1
1,Q99728,V695L,P38398,-0.784865,2nte,A,0
1,P54198,L464D,Q9Y294,1.61113,2i32,F,1
1,Q9Y570,H349A,P67775,4.7844,3c5w,P,1
1,Q9BV40,L44P,O15400,0.964892,1gl2,A,1
1,Q9BV40,L44P,O15400-2,0.964892,1gl2,A,1
0,O00311,Q106R,Q9UBU7,1.12064,4f9a,C,1
1,Q9HAU5,F1113E,Q92900,2.51648,2wjv,E,1
1,Q9HAU5,F1113E,Q92900-2,1.55439,2wjv,E,1
1,Q15836,T18P,Q9UNK0,1.60501,1gl2,A,1
1,P01100,K176N,P05412,2.24276,1fos,G,1
1,Q16531,R589E,Q13619,1.12634,2hye,A,1
1,Q71DI3,R64A,P62805,1.16345,1kx5,A,1
0,Q9UBU7,L306I,O00311,0.0164278,4f9a,D,1
0,Q13241,T146A,P17693,0.425807,1p1z,D,1
0,P61587,F124Y,O43157-2,0.391011,3su8,A,1
0,P61587,F124Y,O43157,0.400408,3su8,A,1
1,Q15836,L53P,O15400,1.52345,3hd7,E,1
1,Q15836,L53P,O15400-2,0.809513,1sfc,I,1
1,Q53EL6,E249A,P60842-2,0.175097,3eiq,C,1
1,Q9HAU5,L1174E,Q92900,0.570621,2wjv,E,1
1,Q9HAU5,L1174E,Q92900-2,0.499654,2wjv,E,1
1,P51809,L136P,O43752,1.3633,2nps,A,1
1,O14965,G198A,Q9NQS7,4.30466,4af3,A,1
1,O14965,G198A,Q9NQS7-2,2.6334,4af3,A,1
1,Q9HCG8,K172A,P38919,0.637941,4c9b,B,1
1,Q9Y376,V224E,Q9P289,0.915316,2wtk,D,1
1,Q9Y376,V224E,Q9P289-2,1.16903,2wtk,D,1
1,Q9Y376,V224E,Q9P289-3,0.79999,3gni,A,1
1,P01112,Y40C,P04049,2.56649,4g0n,A,1
1,P01112,Y40C,P04049-2,1.39169,4g0n,A,1
1,O14980,L525A,O95149,0.8672469999999999,3nc0,D,1
1,Q96B26,D202V,Q9NQT4,1.62081,2nn6,C,1
1,O14796,R31K,Q9UN19-2,0.983444,1d1z,D,1
0,P63272,S65N,O00267,-0.817448,3h7h,A,0
0,P63272,S65N,O00267-2,-0.817448,3h7h,A,0
0,Q13241,N148A,P17693,1.20217,1p1z,D,1
1,Q9H4D5,R409W,Q9UKK6,0.272926,1jkg,B,1
1,O14980,I521A,O95149,0.533915,3nc0,D,1
0,P35908,L484P,P13646,1.95567,3tnu,B,1
1,O43809,Y158A,Q16630-3,2.15511,3q2s,B,1
1,O43809,Y158A,Q16630,2.7807,3p5t,C,1
1,O43809,Y158A,Q16630-2,2.7807,3p5t,C,1
0,P63000,G12V,P52757-5,2.24151,2ngr,A,1
0,P63000,G12V,P52757-6,0.349779,2ngr,A,1
0,P63000,G12V,P52757-7,0.349779,2ngr,A,1
0,P63000,G12V,P52757-9,1.95351,2ngr,A,1
0,P35908,L484P,P08727,2.1093900000000003,3tnu,B,1
1,Q07812,M74D,Q92843,0.791335,2y6w,A,1
1,Q07812,M74D,Q92843-2,0.774767,2y6w,A,1
0,P68431,S88A,Q9UER7,-0.826822,4h9n,A,0
1,P61326,K41D,P38919,1.09024,2j0s,C,1
0,Q13241,N148A,P13747,1.22493,1p1z,D,1
0,P12272,I67A,Q03431,1.33544,3h3g,B,1
1,P40337,C162F,Q15369-2,1.63053,4ajy,V,1
1,P40337,C162F,Q15369,3.46619,4ajy,V,1
1,O95149,Y147A,O14980,2.10861,3nc0,E,1
1,Q9NPD8,R60E,Q9NW38,1.29481,4ccg,A,1
1,Q9NPD8,R60E,Q9NW38-2,1.29481,4ccg,A,1
0,P42771,M53I,Q00534,0.807443,1bi7,B,1
1,Q9Y2M5,C146A,Q13618-2,0.121677,4hxi,A,1
1,Q9Y2M5,C146A,Q13618-3,1.7562,4hxi,A,1
1,Q9Y2M5,C146A,Q13618,-0.0893931,4hxi,A,0
0,P35908,L484P,P19012,0.67009,3tnu,B,1
1,Q9UBQ0,R104D,Q96QK1,2.8685,2r17,A,1
1,Q9Y376,M260A,Q7RTN6,0.764969,2wtk,D,1
1,Q07820,L213A,Q07812,0.566867,4bd8,A,1
1,Q07820,L213A,Q07812-2,0.408782,4bd8,A,1
1,Q07820,L213A,Q07812-7,1.11174,4bd7,A,1
1,Q07820,L213A,Q07812-8,0.636044,4bd8,A,1
1,P11802,R24C,P42773,1.38117,1blx,A,1
1,P61326,E20R,P38919,1.75427,2j0s,C,1
1,P15056,M517W,P04049,1.36124,4h58,C,1
1,P15056,M517W,P04049-2,1.36124,4h58,C,1
1,P56945,D797R,Q8N5H7-4,1.31263,3t6g,B,1
1,Q9BV40,V20P,O43752,1.96788,2nps,A,1
1,P16144,R1225H,Q15149,1.20546,3f7p,C,1
1,P16144,R1225H,Q15149-2,2.79484,3f7p,C,1
1,P16144,R1225H,Q15149-4,2.79484,3f7p,C,1
1,P16144,R1225H,Q15149-5,2.79484,3f7p,C,1
1,P16144,R1225H,Q15149-6,1.66123,3f7p,C,1
1,P16144,R1225H,Q15149-7,1.66123,3f7p,C,1
1,P16144,R1225H,Q15149-8,2.79484,3f7p,C,1
1,P16144,R1225H,Q15149-9,1.20546,3f7p,C,1
1,P48059,F42A,Q13418,6.00895,4hi8,B,1
1,P84077,H80D,Q10567-2,1.12898,4hmy,C,1
1,P84077,H80D,Q10567-3,1.12898,4hmy,C,1
1,P84077,H80D,Q10567-4,1.12898,4hmy,C,1
1,P84077,H80D,Q10567,1.56929,4hmy,C,1
0,P01133,K998R,P00533-3,0.128625,1nql,B,1
0,P01133,K998R,P00533-3,-0.750536,3ltf,D,0
1,Q16665,Q320E,P27540,-0.139212,4h6j,A,0
1,Q16665,Q320E,P27540-2,0.411537,4h6j,A,1
1,Q16665,Q320E,P27540-3,0.411537,4h6j,A,1
1,O43521-3,G66A,Q07817-3,0.726367,3fdl,B,1
1,O43521-3,G66A,Q07817,1.21885,3fdl,B,1
1,Q9Y3B2,P10L,Q9NQT4,1.55998,2nn6,I,1
1,P84243,S58A,P62805,-0.125459,1kx5,E,0
1,O95149,L8A,O14980,0.119804,3nc0,E,1
0,P01903,F49S,P02686,1.12801,1fv1,D,1
0,P01903,F49S,P02686-3,1.12801,1fv1,D,1
0,P01903,F49S,P02686-4,1.12801,1fv1,D,1
0,P01903,F49S,P02686-5,1.12801,1fv1,D,1
0,P01903,F49S,P02686-6,1.12801,1fv1,D,1
0,P01270,V62A,Q03431,1.34406,3c4m,D,1
1,Q92900,V205I,Q9HAU5,-0.361472,2wjv,B,0
1,Q9BV40,L51P,O43752,2.00323,2nps,A,1
1,Q14457,L116A,Q07817-3,1.7473900000000002,2pon,A,1
1,Q14457,L116A,Q07817,1.76751,2pon,A,1
1,Q12918,E200A,Q9UHP7,1.8388,4iop,B,1
1,Q12918,E200A,Q9UHP7-2,1.56193,4iop,B,1
1,Q12918,E200A,Q9UHP7-3,1.86198,4iop,B,1
1,Q12918,E200A,Q9UHP7-6,1.06628,4iop,B,1
1,P84243,C111E,Q9NVP2,1.66256,4eo5,B,1
1,P01116,E37G,P50749,2.47058,3ddc,A,1
1,Q96I25,R375D,P26368,0.379689,3v4m,B,1
1,Q96I25,R375D,P26368-2,0.379689,3v4m,B,1
1,Q9Y570,S156T,P67775,-0.165374,3c5w,P,0
1,Q9Y570,S156T,P67775-2,0.642228,3c5w,P,1
1,Q9UH99,H628A,Q8WXH0-3,1.60846,4dxr,A,1
1,Q9UH99,H628A,Q8WXH0-4,1.60846,4dxr,A,1
1,Q9UH99,H628A,Q8WXH0-7,1.60846,4dxr,A,1
1,Q9UH99,H628A,Q8WXH0,1.28101,4dxr,A,1
1,Q9UH99,H628A,Q8WXH0-2,1.2493299999999998,4dxr,A,1
1,Q9UH99,H628A,Q8WXH0-5,1.28101,4dxr,A,1
1,Q9UH99,H628A,Q8WXH0-6,1.28101,4dxr,A,1
1,Q13241,D163A,P17693,1.69508,1p1z,D,1
1,Q8IWE4,D241A,Q13618,1.91935,3tdu,A,1
0,P42771,M53I,P11802,2.33767,1bi7,B,1
1,Q9BV36,R35K,P51159-2,-0.54726,2zet,D,0
1,Q9BV36,R35K,P51159,1.23488,2zet,C,1
0,P84022,T330A,O95405,0.538351,1dev,A,1
1,Q9UBU9,H457A,Q9UKK6,1.0741,1jkg,B,1
0,P26715,Q220A,P13747,-0.0221383,1p4l,D,0
1,O14788,R223A,Q9Y6Q6,1.41448,3qbq,A,1
1,O14788,R223A,Q9Y6Q6-2,1.41448,3qbq,A,1
1,Q9H4D5,R409W,Q9NPJ8-2,0.16727,1jkg,B,1
1,Q9H4D5,R409W,Q9NPJ8,-0.468119,1jkg,B,0
1,Q9H4D5,R409W,Q9NPJ8-3,-0.191757,1jkg,B,0
0,P01133,K998S,P00533-3,-0.856695,1nql,B,0
0,P01133,K998S,P00533-3,-0.949288,3ltf,D,0
1,P84243,G91L,Q9UER7,0.0337292,4hga,B,1
1,P84243,G91L,Q9UER7-3,0.0337292,4hga,B,1
1,Q9UBQ0,Y139A,Q96QK1,3.19288,2r17,A,1
1,P54198,I461D,Q9Y294,2.22476,2i32,F,1
1,P56945,F794E,Q8N5H7,1.00993,3t6g,B,1
1,P56945,F794E,Q8N5H7-3,0.179011,3t6g,B,1
1,P56945,F794E,Q8N5H7-5,0.179011,3t6g,B,1
1,P56945,F794E,Q8N5H7-2,1.8689,3t6g,B,1
1,P56945,F794E,Q8N5H7-4,2.0728,3t6g,B,1
1,P56945,F794E,Q8N5H7-6,1.8689,3t6g,B,1
0,P01133,M991S,P00533-3,2.05181,1nql,B,1
0,Q13241,N158A,P17693,0.689362,1p1z,D,1
1,Q9Y4K3,I72D,P61088,1.5529,3hct,A,1
1,Q96MG7,L97A,Q8WV22,1.88041,3nw0,B,1
1,Q15836,V25P,Q9UNK0,1.51048,1gl2,A,1
1,Q0P5N6,G66D,O43924,2.75596,1ksh,A,1
1,P55957,G94A,Q07817,2.63357,1zy3,B,1
0,Q7Z3B4,R385K,P37198,1.00022,3t97,B,1
0,P19429,R145Q,P02585,0.417805,1j1e,F,1
0,P19429,R145Q,P02585,0.417805,1j1e,F,1
1,Q13241,L162A,P13747,0.550835,1p1z,D,1
1,P42771,R24P,P11802,2.49421,1bi7,B,1
1,Q92900,Y184D,Q9HAU5,2.07819,2wjv,B,1
1,Q9UBQ0,P92A,Q96QK1,2.30843,2r17,A,1
1,P51809,L136P,O15400,0.888793,1gl2,A,1
1,P51809,L136P,O15400-2,0.888793,1gl2,A,1
1,Q15836,T18P,O43752,0.599292,2nps,A,1
0,P21860,G284R,P04626,0.973955,3u7u,A,1
0,P21860,G284R,P04626-4,0.937272,3u7u,A,1
0,P63279,C93A,Q9UBT2,1.76135,4ii2,C,1
1,Q99728,L44P,P38398,2.04347,1jm7,B,1
1,P38919,D154K,O15234,0.613105,3ex7,C,1
1,Q16531,I587D,Q13619,0.258367,2hye,A,1
1,Q9Y4K3,D57K,P61088,0.949657,3hct,A,1
1,P84243,G91L,P62805,0.683809,1kx5,E,1
1,Q9BV40,V20P,Q9UNK0,2.16303,1gl2,A,1
1,Q8IWE4,A265R,Q13618-2,2.33068,3tdu,A,1
1,Q8IWE4,A265R,Q13618-3,2.33068,3tdu,A,1
1,Q8IWE4,A265R,Q13618,1.9551,3tdu,A,1
1,O43521-3,G66E,Q07817-3,2.41499,3fdl,B,1
1,O43521-3,G66E,Q07817,3.1021,3fdl,B,1
1,P23297,F16A,P25815,0.703195,2y5i,A,1
1,P51587,V1532F,Q06609-2,0.90689,1n0w,B,1
1,P51587,V1532F,Q06609-3,0.0684198,1n0w,B,1
1,P51587,V1532F,Q06609,0.387988,1n0w,B,1
1,P51587,V1532F,Q06609-4,0.517402,1n0w,B,1
1,P30622-2,K252A,Q15691,0.584255,1txq,A,1
1,O43521-3,G66E,P10415,2.4097,1pq1,B,1
1,O43521-3,G66E,P10415-2,1.86607,3fdl,B,1
0,P35908,L484P,O76015,1.79523,3tnu,B,1
1,P84243,Q94A,Q9UER7,-0.38786,4hga,B,0
1,P84243,Q94A,Q9UER7-3,-0.38786,4hga,B,0
1,Q96QK1,L589D,Q9UBQ0,2.17879,2r17,C,1
1,Q96QK1,L589D,Q9UBQ0-2,2.17879,2r17,C,1
1,P23297,F72L,P25815,1.74275,2y5i,A,1
1,Q15836,L46P,O43752,2.46499,2nps,A,1
