TCGA,GENE,UniProt_ID,Mutation,INTERACTOR_GENE,Interactor_UniProt_ID,Prediction,Median_Probability,Disruptive_probability
ESCA,UBE2T,Q9NPD8,S101Y,RNF4,P78317,1,0.87245,0.87245
ESCA,UBR5,O95071,R2712C,UBE2D3,P61077,1,0.85187,0.85187
ESCA,BMPR1B,O00238,Y395D,OXSR1,O95747,1,0.87129,0.87129
ESCA,MTERF4,Q7Z6M4,R322W,,A8K8I8,1,0.91726,0.91726
ESCA,TP53,P04637,R273C,TP53BP2,Q13625,1,0.95051,0.95051
ESCA,TP53,P04637,R273C,PPP1R13B,Q96KQ4,1,0.86417,0.86417
ESCA,TP53,P04637,R273C,PPP1R13L,Q8WUF5,1,0.88287,0.88287
ESCA,SMAD3,P84022,R287W,SMAD2,Q15796,1,0.88521,0.88521
ESCA,TP53,P04637,R248W,TP53BP2,Q13625,1,0.91087,0.91087
ESCA,NGFR,P08138,D104V,NTF3,P20783,1,0.85504,0.85504
ESCA,TP53,P04637,S241F,TP53BP2,Q13625,1,0.87486,0.87486
ESCA,TP53,P04637,S241F,TP63,Q9H3D4,1,0.86451,0.86451
ESCA,TP53,P04637,S241F,PPP1R13B,Q96KQ4,1,0.90742,0.90742
ESCA,TP53,P04637,S241F,BTK,Q06187,1,0.85033,0.85033
ESCA,TP53,P04637,S241F,TP53,K7PPA8,1,0.8938,0.8938
ESCA,ERBB2,P04626,S310F,EGFR,P00533,1,0.89564,0.89564
ESCA,TP53,P04637,R273H,TP53BP2,Q13625,1,0.91266,0.91266
ESCA,TP53,P04637,R273H,PPP1R13B,Q96KQ4,1,0.89863,0.89863
ESCA,TP53,P04637,C275F,TP63,Q9H3D4,1,0.89746,0.89746
ESCA,TP53,P04637,H179R,TP53BP2,Q13625,1,0.85308,0.85308
ESCA,CSNK1A1,P48729,G145S,EGFR,P00533,1,0.91117,0.91117
ESCA,TP53,P04637,C242Y,GRB2,P62993,1,0.87845,0.87845
ESCA,TP53,P04637,C242Y,TP63,Q9H3D4,1,0.88662,0.88662
ESCA,TP53,P04637,C242Y,PPP1R13B,Q96KQ4,1,0.90842,0.90842
ESCA,TP53,P04637,C242Y,LYN,P07948,1,0.8736,0.8736
ESCA,TP53,P04637,C242Y,BTK,Q06187,1,0.88456,0.88456
ESCA,H4C1,P62805,R40P,H3C1,P68431,1,0.87348,0.87348
ESCA,BCL2L11,O43521,G156E,BCL2A1,Q16548,1,0.85523,0.85523
ESCA,BCL2L11,O43521,G156E,MCL1,Q07820,1,0.93076,0.93076
ESCA,ELAVL1,Q15717,D155H,CELF1,Q92879,1,0.89849,0.89849
ESCA,VAV3,Q9UKW4,E705G,GRB2,P62993,1,0.87401,0.87401
ESCA,VAV3,Q9UKW4,E705G,GRB2,B0LPF3,1,0.87401,0.87401
ESCA,CTSH,P09668,G184C,CSTA,P01040,1,0.91646,0.91646
ESCA,HLA-DMB,P28068,Y42C,HLA-DRB1,P13760,1,0.89943,0.89943
ESCA,RAN,P62826,P49T,NUP153,P49790,1,0.87282,0.87282
ESCA,IGF2,P01344,G35R,IGFBP4,P22692,1,0.90954,0.90954
ESCA,ELAVL1,Q15717,W261L,PABPC1,P11940,1,0.87215,0.87215
ESCA,ELAVL1,Q15717,W261L,PABPC4,Q13310,1,0.87666,0.87666
ESCA,RIMS1,Q86UR5,W178R,RAB3C,Q96E17,1,0.90903,0.90903
ESCA,RIMS1,Q86UR5,W178R,RAB3A,P20336,1,0.90243,0.90243
ESCA,H4C1,P62805,D69H,H2BC21,Q16778,1,0.95844,0.95844
ESCA,DDX17,Q92841,S219C,MAGOH,P61326,1,0.87367,0.87367
ESCA,TP53,P04637,H168R,TP53BP2,Q13625,1,0.85265,0.85265
ESCA,LIN7A,O14910,K170T,DLG1,Q12959,1,0.94444,0.94444
ESCA,LIN7A,O14910,K170T,DLG4,P78352,1,0.88781,0.88781
ESCA,RHOA,P61586,D59G,ARHGEF25,Q86VW2,1,0.87406,0.87406
ESCA,TWIST1,Q15672,F158V,MYOD1,P15172,1,0.87567,0.87567
ESCA,MAPRE1,Q15691,T249I,DCTN1,Q14203,1,0.8968,0.8968
ESCA,MAPRE1,Q15691,T249I,DKFZp686I0746,Q6MZZ3,1,0.86709,0.86709
ESCA,SPTA1,P02549,L1034P,ABL1,P00519,1,0.856,0.856
ESCA,MAP1LC3C,Q9BXW4,R76C,CALCOCO2,Q13137,1,0.85125,0.85125
ESCA,ABCC4,O15439,R1220W,CFTR,P13569,1,0.86539,0.86539
ESCA,MYLK2,Q9H1R3,D382H,MAPK7,Q13164,1,0.93536,0.93536
ESCA,RAB11FIP2,Q7L804,E478G,RAB11A,P62491,1,0.86087,0.86087
ESCA,RAB11FIP2,Q7L804,E478G,RAB11B,Q15907,1,0.86596,0.86596
ESCA,CRY1,Q16526,C414R,FBXL3,Q9UKT7,1,0.8634,0.8634
ESCA,FBXW7,Q969H0,R505G,MTOR,P42345,1,0.88483,0.88483
ESCA,PSMA5,P28066,R93T,PSMB5,P28074,1,0.89213,0.89213
ESCA,PSMA5,P28066,R93T,PSMB7,Q99436,1,0.87709,0.87709
ESCA,PSMA5,P28066,R93T,PSMB8,P28062,1,0.94966,0.94966
ESCA,PSMA5,P28066,R93T,PSMA7,O14818,1,0.93905,0.93905
ESCA,ROBO2,Q9HCK4,R94C,SLIT2,O94813,1,0.8618,0.8618
ESCA,DLG4,P78352,G169D,DLG2,Q15700,1,0.91966,0.91966
ESCA,DLG4,P78352,G169D,DLG1,Q12959,1,0.89613,0.89613
ESCA,H4C1,P62805,R93T,H2BC11,P06899,1,0.93206,0.93206
ESCA,H4C1,P62805,R93T,H2BC21,Q16778,1,0.90361,0.90361
ESCA,TP53,P04637,H179Y,TP73,O15350,1,0.85901,0.85901
