Mutation_Effect_Label,UniProt_ID,Mutation,Interactor_UniProt_ID,Template_cath_id,Chain_id,Actual,Prediction_default,Prediction_FS,Prediction_FS_HP,Prediction_default_probs,Prediction_FS_probs,Prediction_FS_HP_probs
1,Q9BPZ3,F118A,P11940,1jgnB,B,1,0,0,1,[0.52 0.48],[0.55 0.45],[0.48382508 0.51617492]
1,P01116,Y40C,P50749,3ddcA,A,1,1,1,1,[0.48 0.52],[0.22 0.78],[0.1575574 0.8424426]
1,Q96QK1,F534D,Q9UBQ0,2r17C,C,1,1,1,1,[0.08 0.92],[0.03 0.97],[0.02626213 0.97373787]
1,Q96QK1,F534D,Q9UBQ0-2,2r17C,C,1,1,1,1,[0.08 0.92],[0.03 0.97],[0.02626213 0.97373787]
1,O43521-3,G66A,Q07812,3fdlB,B,1,0,0,0,[0.63 0.37],[0.73 0.27],[0.70014576 0.29985424]
1,O43521-3,G66A,Q07812-2,3fdlB,B,1,1,0,0,[0.49 0.51],[0.63 0.37],[0.6510609 0.3489391]
1,O43521-3,G66A,Q07812-4,2nl9B,B,1,1,1,0,[0.49 0.51],[0.49 0.51],[0.50913629 0.49086371]
1,O43521-3,G66A,Q07812-5,2nl9B,B,1,1,1,1,[0.4 0.6],[0.47 0.53],[0.47722725 0.52277275]
1,O43521-3,G66A,Q07812-6,2nl9B,B,1,1,0,0,[0.45 0.55],[0.5 0.5],[0.57108155 0.42891845]
1,O43521-3,G66A,Q07812-7,3fdlB,B,1,0,0,0,[0.62 0.38],[0.69 0.31],[0.72094308 0.27905692]
1,O43521-3,G66A,Q07812-8,3fdlB,B,1,1,0,0,[0.48 0.52],[0.63 0.37],[0.60411269 0.39588731]
0,Q13418,Q362H,Q9NVD7,3repA,A,0,1,0,0,[0.26 0.74],[0.51 0.49],[0.58331554 0.41668446]
1,Q9BV40,L51P,Q9UNK0,1gl2A,A,1,1,1,1,[0.06 0.94],[0.03 0.97],[0.02780741 0.97219259]
0,P11802,R24C,P42772,1bi7A,A,0,1,1,1,[0.22 0.78],[0.2 0.8],[0.17338894 0.82661106]
1,Q9HAU5,M1173E,Q92900,2wjvE,E,1,1,1,1,[0.15 0.85],[0.32 0.68],[0.26125933 0.73874067]
1,Q9HAU5,M1173E,Q92900-2,2wjvE,E,1,1,1,1,[0.33 0.67],[0.43 0.57],[0.33277252 0.66722748]
0,Q969J2,G79R,Q96IT1,3lhrB,B,0,1,1,1,[0.37 0.63],[0.46 0.54],[0.30167771 0.69832229]
1,Q9UH99,S641E,Q8WXH0-3,4dxrA,A,1,1,1,1,[0.34 0.66],[0.23 0.77],[0.2 0.8]
1,Q9UH99,S641E,Q8WXH0-4,4dxrA,A,1,1,1,1,[0.34 0.66],[0.23 0.77],[0.2 0.8]
1,Q9UH99,S641E,Q8WXH0-7,4dxrA,A,1,1,1,1,[0.34 0.66],[0.23 0.77],[0.2 0.8]
1,Q9UH99,S641E,Q8WXH0,4dxrA,A,1,1,1,1,[0.4 0.6],[0.24 0.76],[0.1 0.9]
1,Q9UH99,S641E,Q8WXH0-2,4dxrA,A,1,1,1,1,[0.33 0.67],[0.22 0.78],[0.1 0.9]
1,Q9UH99,S641E,Q8WXH0-5,4dxrA,A,1,1,1,1,[0.4 0.6],[0.24 0.76],[0.1 0.9]
1,Q9UH99,S641E,Q8WXH0-6,4dxrA,A,1,1,1,1,[0.4 0.6],[0.24 0.76],[0.1 0.9]
1,Q9Y4K3,L74E,P61088,3hctA,A,1,1,1,1,[0.08 0.92],[0.07 0.93],[0.04088776 0.95911224]
1,P62805,R37A,Q71DI3,1kx5B,B,1,1,1,1,[0.36 0.64],[0.05 0.95],[0.04820609 0.95179391]
1,P38919,R206E,O15234,3ex7C,C,1,0,1,1,[0.57 0.43],[0.42 0.58],[0.38382799 0.61617201]
1,Q15013,Q83A,Q13257,2qyfB,B,1,1,1,0,[0.43 0.57],[0.49 0.51],[0.50523672 0.49476328]
1,Q13241,F114A,P13747,1p1zD,D,1,0,1,1,[0.54 0.46],[0.25 0.75],[0.29265147 0.70734853]
1,P01112,E37G,P04049,4g0nA,A,1,1,1,1,[0.11 0.89],[0.15 0.85],[0.0545719 0.9454281]
1,P01112,E37G,P04049-2,4g0nA,A,1,1,1,1,[0.15 0.85],[0.13 0.87],[0.08010239 0.91989761]
1,Q53EL6,D414A,P60842,2zu6B,B,1,1,1,1,[0.22 0.78],[0.18 0.82],[0.30875924 0.69124076]
1,Q99558,K430A,O14920-3,4idtB,B,1,1,0,0,[0.44 0.56],[0.59 0.41],[0.58174079 0.41825921]
0,P42773,T69A,Q00534,1blxB,B,0,0,0,0,[0.66 0.34],[0.64 0.36],[0.76242573 0.23757427]
1,O43521-3,G66A,Q92843,3fdlB,B,1,1,0,0,[0.49 0.51],[0.65 0.35],[0.66490907 0.33509093]
1,O43521-3,G66A,Q92843-2,3fdlB,B,1,1,1,1,[0.4 0.6],[0.34 0.66],[0.32152687 0.67847313]
0,Q13794,F32I,Q07817,3mqpB,B,0,0,0,0,[0.53 0.47],[0.72 0.28],[0.80261661 0.19738339]
1,Q96F10,R126C,P21673,2b4dB,B,1,1,1,1,[0.29 0.71],[0.3 0.7],[0.22411668 0.77588332]
0,P61587,Y60A,O43157,3su8A,A,0,1,1,1,[0.18 0.82],[0.07 0.93],[0.03589548 0.96410452]
0,Q15019,H270D,Q14141-2,2qagA,A,0,1,1,1,[0.32 0.68],[0.34 0.66],[0.33704876 0.66295124]
0,Q15019,H270D,Q14141-3,2qagA,A,0,1,1,1,[0.34 0.66],[0.28 0.72],[0.23412929 0.76587071]
0,Q15019,H270D,Q14141-4,2qagA,A,0,1,1,1,[0.32 0.68],[0.34 0.66],[0.33704876 0.66295124]
1,P04049,R89L,P15056,3ny5D,D,1,1,1,1,[0.17 0.83],[0.13 0.87],[0.08823814 0.91176186]
0,P50616,Y50N,Q9UIV1,2d5rB,B,0,1,1,1,[0.34 0.66],[0.38 0.62],[0.46396755 0.53603245]
0,P50616,Y50N,Q9UIV1-2,2d5rB,B,0,1,1,1,[0.14 0.86],[0.3 0.7],[0.36555673 0.63444327]
1,P25815,F74V,P23297,2y5iB,B,1,1,1,1,[0.27 0.73],[0.33 0.67],[0.23275633 0.76724367]
1,P25815,I11A,P23297,2y5iB,B,1,1,1,1,[0.26 0.74],[0.22 0.78],[0.23156114 0.76843886]
0,P60891,N114S,P11908,4f8eB,B,0,1,1,1,[0.18 0.82],[0.16 0.84],[0.1040979 0.8959021]
0,P60891,N114S,P11908-2,4f8eB,B,0,1,1,1,[0.11 0.89],[0.19 0.81],[0.1040979 0.8959021]
1,Q9HCG8,N174A,P38919,4c9bB,B,1,1,1,1,[0.14 0.86],[0.01 0.99],[0.04145013 0.95854987]
1,Q9BZW8,E70A,P09326,2pttB,B,1,0,0,0,[0.59 0.41],[0.64 0.36],[0.66272864 0.33727136]
1,P55957,D95A,Q07817,1zy3B,B,1,1,1,1,[0.22 0.78],[0.16 0.84],[0.17196382 0.82803618]
1,Q16665,V336E,P27540,4h6jA,A,1,1,1,1,[0.05 0.95],[0.04 0.96],[0.02209469 0.97790531]
1,Q16665,V336E,P27540-2,4h6jA,A,1,1,1,1,[0.01 0.99],[0.01 0.99],[0.00989791 0.99010209]
1,Q16665,V336E,P27540-3,4h6jA,A,1,1,1,1,[0.01 0.99],[0.01 0.99],[0.00989791 0.99010209]
0,P46527,Y88A,P07948,1jsuC,C,0,1,1,1,[0.18 0.82],[0.1 0.9],[0.18715617 0.81284383]
0,P46527,Y88A,P07948-2,1jsuC,C,0,1,1,1,[0.18 0.82],[0.1 0.9],[0.18715617 0.81284383]
1,P61587,L90R,O43157-2,3su8A,A,1,1,1,1,[0.21 0.79],[0.09 0.91],[0.07999332 0.92000668]
1,P61587,L90R,O43157,3su8A,A,1,1,1,1,[0.2 0.8],[0.15 0.85],[0.11947243 0.88052757]
1,Q92900,V204D,Q9HAU5,2wjvB,B,1,1,1,1,[0.36 0.64],[0.32 0.68],[0.36140741 0.63859259]
1,Q8N5H7-2,L469R,P56945-4,3t6gA,A,1,1,1,1,[0.12 0.88],[0.09 0.91],[0.02414399 0.97585601]
1,Q8N5H7-2,L469R,P56945-7,3t6gA,A,1,1,1,1,[0.04 0.96],[0.06 0.94],[0.01964953 0.98035047]
1,Q8N5H7-2,L469R,P56945-8,3t6gA,A,1,1,1,1,[0.08 0.92],[0.04 0.96],[0.01431619 0.98568381]
1,Q8N5H7-2,L469R,P56945,3t6gA,A,1,1,1,1,[0. 1.],[0.01 0.99],[0.00117334 0.99882666]
1,Q8N5H7-2,L469R,P56945-2,3t6gA,A,1,1,1,1,[0.02 0.98],[0. 1.],[0.00117334 0.99882666]
1,Q8N5H7-2,L469R,P56945-3,3t6gA,A,1,1,1,1,[0. 1.],[0.01 0.99],[0.00117334 0.99882666]
1,Q8N5H7-2,L469R,P56945-5,3t6gA,A,1,1,1,1,[0.02 0.98],[0. 1.],[0.00117334 0.99882666]
1,Q8N5H7-2,L469R,P56945-6,3t6gA,A,1,1,1,1,[0. 1.],[0.01 0.99],[0.00117334 0.99882666]
1,P02671,C184W,P02675,3ghgJ,J,1,1,1,1,[0.47 0.53],[0.31 0.69],[0.27497796 0.72502204]
0,P26715,V213A,P13747,1p4lD,D,0,0,0,0,[0.71 0.29],[0.75 0.25],[0.85776253 0.14223747]
1,P38919,H223D,P61326,2j0sA,A,1,1,1,1,[0.04 0.96],[0.02 0.98],[0.02564871 0.97435129]
1,Q13241,Q112A,P17693,1p1zD,D,1,0,0,0,[0.76 0.24],[0.88 0.12],[0.87571771 0.12428229]
1,Q9Y376,F178E,Q9P289,2wtkD,D,1,1,1,1,[0.24 0.76],[0.21 0.79],[0.26929647 0.73070353]
1,Q9Y376,F178E,Q9P289-2,2wtkD,D,1,1,1,1,[0.15 0.85],[0.15 0.85],[0.17200469 0.82799531]
1,Q9Y376,F178E,Q9P289-3,3gniA,A,1,1,1,1,[0.19 0.81],[0.32 0.68],[0.22691139 0.77308861]
1,Q9HAU5,F1171E,Q92900,2wjvE,E,1,1,1,1,[0.16 0.84],[0.25 0.75],[0.17852058 0.82147942]
1,Q9HAU5,F1171E,Q92900-2,2wjvE,E,1,1,1,1,[0.33 0.67],[0.35 0.65],[0.2471448 0.7528552]
1,Q13241,N160A,P17693,1p1zD,D,1,0,0,0,[0.66 0.34],[0.66 0.34],[0.72625513 0.27374487]
0,P07195,R172P,P00338-2,4aj2B,B,0,1,1,1,[0.23 0.77],[0.07 0.93],[0.08700949 0.91299051]
0,P07195,R172P,P00338-3,4aj2B,B,0,1,1,1,[0.23 0.77],[0.07 0.93],[0.08700949 0.91299051]
0,P07195,R172P,P00338-5,4aj2B,B,0,1,1,1,[0.23 0.77],[0.07 0.93],[0.08700949 0.91299051]
1,Q15836,L46P,Q9UNK0,1gl2A,A,1,1,1,1,[0.08 0.92],[0.12 0.88],[0.11397224 0.88602776]
1,O43521-3,G66E,Q07812,3fdlB,B,1,1,1,1,[0.39 0.61],[0.18 0.82],[0.2549942 0.7450058]
1,O43521-3,G66E,Q07812-2,3fdlB,B,1,1,1,1,[0.35 0.65],[0.3 0.7],[0.38430267 0.61569733]
1,O43521-3,G66E,Q07812-4,2nl9B,B,1,1,1,1,[0.18 0.82],[0.07 0.93],[0.09965855 0.90034145]
1,O43521-3,G66E,Q07812-5,2nl9B,B,1,1,1,1,[0.21 0.79],[0.02 0.98],[0.08347919 0.91652081]
1,O43521-3,G66E,Q07812-6,2nl9B,B,1,1,1,1,[0.28 0.72],[0.21 0.79],[0.27853035 0.72146965]
1,O43521-3,G66E,Q07812-7,3fdlB,B,1,1,1,1,[0.45 0.55],[0.26 0.74],[0.34461376 0.65538624]
1,O43521-3,G66E,Q07812-8,3fdlB,B,1,1,1,1,[0.38 0.62],[0.34 0.66],[0.36556343 0.63443657]
1,P15056,L515G,P04049,4h58C,C,1,1,1,1,[0.38 0.62],[0.1 0.9],[0.1751979 0.8248021]
1,P15056,L515G,P04049-2,4h58C,C,1,1,1,1,[0.38 0.62],[0.1 0.9],[0.1751979 0.8248021]
1,O14893,R213D,Q16637,2lehA,A,1,1,1,1,[0.17 0.83],[0.09 0.91],[0.1222372 0.8777628]
1,O14893,R213D,Q16637-2,2lehA,A,1,1,1,1,[0.25 0.75],[0.18 0.82],[0.18248151 0.81751849]
1,O14893,R213D,Q16637-3,2lehA,A,1,1,1,1,[0.25 0.75],[0.18 0.82],[0.18248151 0.81751849]
1,O14893,R213D,Q16637-4,2lehA,A,1,1,1,1,[0.25 0.75],[0.18 0.82],[0.18248151 0.81751849]
0,Q71DI3,M91G,P62805,1kx5A,A,0,1,1,1,[0.05 0.95],[0.02 0.98],[0.07835058 0.92164942]
1,Q96QK1,N725A,Q9UBQ0,2r17C,C,1,1,1,1,[0.05 0.95],[0.04 0.96],[0.0652821 0.9347179]
1,Q96QK1,N725A,Q9UBQ0-2,2r17C,C,1,1,1,1,[0.05 0.95],[0.04 0.96],[0.0652821 0.9347179]
1,Q13133,K273A,Q15788,1p8dA,A,1,1,1,1,[0.11 0.89],[0.12 0.88],[0.06581767 0.93418233]
1,Q13133,K273A,Q15788-2,1p8dA,A,1,1,1,1,[0.15 0.85],[0.11 0.89],[0.04875813 0.95124187]
1,Q13133,K273A,Q15788-3,1p8dA,A,1,1,1,1,[0.11 0.89],[0.12 0.88],[0.06331767 0.93668233]
1,Q8N423,Y61A,P17693,2dypD,D,1,1,1,1,[0.04 0.96],[0.07 0.93],[0.03698978 0.96301022]
1,Q9UJM3,M346A,P00533,4i21C,C,1,1,1,1,[0.33 0.67],[0.19 0.81],[0.30859895 0.69140105]
1,Q15788,L694A,Q13133,1p8dC,C,1,1,1,1,[0.11 0.89],[0.13 0.87],[0.11957221 0.88042779]
1,Q15788,L694A,Q13133-2,1p8dC,C,1,1,1,1,[0.25 0.75],[0.17 0.83],[0.26439722 0.73560278]
1,Q15788,L694A,Q13133-3,1p8dC,C,1,1,1,1,[0.12 0.88],[0.02 0.98],[0.04827077 0.95172923]
1,Q13133,E441A,Q15788,1p8dA,A,1,1,1,1,[0.09 0.91],[0.14 0.86],[0.04819507 0.95180493]
1,Q13257,Y199A,Q12834,4aezH,H,1,1,1,1,[0.4 0.6],[0.43 0.57],[0.34517295 0.65482705]
0,P11362,P252R,P08620,3ojvC,C,0,1,1,1,[0.36 0.64],[0.3 0.7],[0.34395402 0.65604598]
1,Q13241,Q112A,P13747,1p1zD,D,1,0,0,0,[0.73 0.27],[0.83 0.17],[0.73227951 0.26772049]
0,O00311,I99T,Q9UBU7,4f9aC,C,0,0,0,0,[0.66 0.34],[0.56 0.44],[0.5543906 0.4456094]
1,O14980,F572A,O95149,3nc0D,D,1,1,1,1,[0.17 0.83],[0.16 0.84],[0.17638329 0.82361671]
1,Q13241,N160A,P13747,1p1zD,D,1,0,0,0,[0.68 0.32],[0.58 0.42],[0.56158954 0.43841046]
1,Q9Y4K3,L74R,P61088,3hctA,A,1,1,1,1,[0.12 0.88],[0.15 0.85],[0.11801236 0.88198764]
1,P51809,L157P,O15400,1gl2A,A,1,1,1,1,[0.09 0.91],[0.04 0.96],[0.03541783 0.96458217]
1,P51809,L157P,O15400-2,1gl2A,A,1,1,1,1,[0.12 0.88],[0.04 0.96],[0.03541783 0.96458217]
1,Q12918,Y201A,Q9UHP7,4iopB,B,1,0,0,0,[0.77 0.23],[0.77 0.23],[0.66450707 0.33549293]
1,Q12918,Y201A,Q9UHP7-2,4iopB,B,1,1,0,1,[0.44 0.56],[0.59 0.41],[0.47443866 0.52556134]
1,Q12918,Y201A,Q9UHP7-6,4iopB,B,1,0,0,0,[0.67 0.33],[0.77 0.23],[0.69974485 0.30025515]
0,Q16611,Y110E,P55957,4bd2A,A,0,1,1,1,[0.2 0.8],[0.28 0.72],[0.27750493 0.72249507]
0,Q16611,Y110E,P55957-2,4bd2A,A,0,1,1,1,[0.22 0.78],[0.26 0.74],[0.27217884 0.72782116]
0,Q13241,T146A,P13747,1p1zD,D,0,0,0,0,[0.73 0.27],[0.73 0.27],[0.76234124 0.23765876]
1,P11802,R24H,P42773,1blxA,A,1,1,1,1,[0.24 0.76],[0.1 0.9],[0.19904073 0.80095927]
1,P61326,D73K,Q9BRP8,1rk8B,B,1,1,1,1,[0.16 0.84],[0.25 0.75],[0.27972661 0.72027339]
1,Q96QK1,Q586A,Q9UBQ0,2r17C,C,1,1,1,1,[0.08 0.92],[0.1 0.9],[0.14419651 0.85580349]
1,Q96QK1,Q586A,Q9UBQ0-2,2r17C,C,1,1,1,1,[0.08 0.92],[0.1 0.9],[0.14419651 0.85580349]
1,Q9UBQ0,W93A,Q96QK1,2r17A,A,1,1,1,1,[0.08 0.92],[0.05 0.95],[0.03745348 0.96254652]
1,Q96QK1,R582D,Q9UBQ0,2r17C,C,1,1,1,1,[0.1 0.9],[0.11 0.89],[0.15577195 0.84422805]
1,Q96QK1,R582D,Q9UBQ0-2,2r17C,C,1,1,1,1,[0.1 0.9],[0.11 0.89],[0.15577195 0.84422805]
1,P01903,G53D,P28068,4md4A,A,1,0,1,1,[0.52 0.48],[0.37 0.63],[0.31069972 0.68930028]
1,P56945,L787E,Q8N5H7-4,3t6gB,B,1,1,1,1,[0.36 0.64],[0.29 0.71],[0.27043622 0.72956378]
1,Q9BV40,L16P,O43752,2npsA,A,1,1,1,1,[0.09 0.91],[0.04 0.96],[0.02320978 0.97679022]
1,Q13257,R133A,Q12834,4aezH,H,1,1,1,1,[0.32 0.68],[0.18 0.82],[0.26144781 0.73855219]
1,Q15836,T18P,O15400,3hd7E,E,1,1,0,1,[0.35 0.65],[0.54 0.46],[0.46417984 0.53582016]
1,Q15836,T18P,O15400-2,1sfcI,I,1,1,1,1,[0.43 0.57],[0.38 0.62],[0.37495913 0.62504087]
0,P02538,I462S,P13646,3tnuB,B,0,0,1,0,[0.81 0.19],[0.43 0.57],[0.76485247 0.23514753]
0,Q13794,K35E,Q92843,3mqpB,B,0,0,0,0,[0.54 0.46],[0.5 0.5],[0.51391212 0.48608788]
0,Q13794,K35E,Q92843-2,3mqpB,B,0,1,0,0,[0.49 0.51],[0.53 0.47],[0.61994784 0.38005216]
1,Q96QK1,Y729A,Q9UBQ0,2r17C,C,1,1,1,1,[0.05 0.95],[0.05 0.95],[0.10378395 0.89621605]
1,Q96QK1,Y729A,Q9UBQ0-2,2r17C,C,1,1,1,1,[0.05 0.95],[0.05 0.95],[0.10378395 0.89621605]
1,Q15836,V25P,O43752,2npsA,A,1,1,1,1,[0.2 0.8],[0.14 0.86],[0.1933447 0.8066553]
1,Q13241,E164A,P17693,1p1zD,D,1,0,0,0,[0.6 0.4],[0.77 0.23],[0.82881523 0.17118477]
0,P55211,P336S,Q13490,1nw9B,B,0,0,0,0,[0.52 0.48],[0.63 0.37],[0.73215987 0.26784013]
1,P52298,D107R,Q09161,3feyB,B,1,1,1,1,[0.27 0.73],[0.12 0.88],[0.10253371 0.89746629]
1,Q9NQT4,R96Q,Q96B26,2nn6D,D,1,0,0,0,[0.67 0.33],[0.83 0.17],[0.89 0.11]
1,Q8IYM1,G169E,Q8WYJ6,3sopA,A,1,1,1,1,[0.3 0.7],[0.27 0.73],[0.39862043 0.60137957]
1,P61326,E117R,Q9BRP8,1rk8B,B,1,1,1,1,[0.22 0.78],[0.23 0.77],[0.35472723 0.64527277]
1,P61326,E117R,Q9BRP8-2,1rk8B,B,1,1,1,1,[0.3 0.7],[0.18 0.82],[0.2008338 0.7991662]
0,P46527,Y74A,P07948,1jsuC,C,0,1,1,1,[0.22 0.78],[0.09 0.91],[0.24135707 0.75864293]
0,P46527,Y74A,P07948-2,1jsuC,C,0,1,1,1,[0.22 0.78],[0.09 0.91],[0.24135707 0.75864293]
1,Q13418,M402A,Q9NVD7,3repA,A,1,1,1,1,[0.17 0.83],[0.22 0.78],[0.25718222 0.74281778]
1,Q9UBQ0,P92G,Q96QK1,2r17A,A,1,1,1,1,[0.07 0.93],[0.07 0.93],[0.07546753 0.92453247]
1,Q12918,Y198A,Q9UHP7,4iopB,B,1,1,1,1,[0.44 0.56],[0.21 0.79],[0.22163531 0.77836469]
1,Q12918,Y198A,Q9UHP7-2,4iopB,B,1,1,1,1,[0.35 0.65],[0.33 0.67],[0.24197788 0.75802212]
1,Q12918,Y198A,Q9UHP7-3,4iopB,B,1,1,1,1,[0.39 0.61],[0.32 0.68],[0.21503141 0.78496859]
1,Q12918,Y198A,Q9UHP7-6,4iopB,B,1,1,1,1,[0.47 0.53],[0.27 0.73],[0.31839932 0.68160068]
0,P02538,I462S,P19012,3tnuB,B,0,0,1,0,[0.76 0.24],[0.43 0.57],[0.76485247 0.23514753]
1,P04637,F19A,Q09472,2k8fB,B,1,1,1,1,[0.21 0.79],[0.06 0.94],[0.00551437 0.99448563]
0,P60891,D183H,Q14558,4f8eB,B,0,1,1,1,[0.19 0.81],[0.11 0.89],[0.01579407 0.98420593]
0,P60891,D183H,Q14558-2,4f8eB,B,0,1,1,1,[0.11 0.89],[0.08 0.92],[0.01007979 0.98992021]
1,Q14457,L116A,Q16611,2ponA,A,1,1,1,1,[0.48 0.52],[0.26 0.74],[0.26152957 0.73847043]
1,P01112,T35S,Q13671,2ot3B,B,1,0,0,1,[0.54 0.46],[0.51 0.49],[0.43940189 0.56059811]
1,P01112,T35S,Q13671-2,2ot3B,B,1,0,1,1,[0.53 0.47],[0.33 0.67],[0.26245902 0.73754098]
1,P01112,Y40C,Q13671,2ot3B,B,1,1,1,1,[0.45 0.55],[0.46 0.54],[0.44166852 0.55833148]
1,P01112,Y40C,Q13671-2,2ot3B,B,1,1,1,1,[0.27 0.73],[0.17 0.83],[0.26127633 0.73872367]
1,Q96NA2,R255A,P51149,1yhnB,B,1,1,1,1,[0.07 0.93],[0.04 0.96],[0.02430667 0.97569333]
0,Q9Y248,L150S,Q9BRT9,2ehoK,K,0,1,1,1,[0.07 0.93],[0.07 0.93],[0.11891008 0.88108992]
1,Q10567,V88D,P84077,4hmyB,B,1,1,1,1,[0.18 0.82],[0.09 0.91],[0.12197554 0.87802446]
1,Q96QK1,H675D,Q9UBQ0,2r17C,C,1,1,1,1,[0.08 0.92],[0.06 0.94],[0.08019778 0.91980222]
1,Q96QK1,H675D,Q9UBQ0-2,2r17C,C,1,1,1,1,[0.08 0.92],[0.06 0.94],[0.08019778 0.91980222]
1,Q8IYM1,D197N,Q8WYJ6,3sopA,A,1,1,1,1,[0.26 0.74],[0.27 0.73],[0.17062957 0.82937043]
1,Q9HAU4,C716A,P0CG47,4bbnA,A,1,1,1,1,[0.13 0.87],[0.08 0.92],[0.1 0.9]
1,Q9HAU4,C716A,P0CG47,4bbnA,A,1,1,1,1,[0.18 0.82],[0.21 0.79],[0.12 0.88]
1,O95149,N150A,O14980,3nc0E,E,1,1,1,1,[0.3 0.7],[0.22 0.78],[0.23666412 0.76333588]
0,Q13794,F32I,Q92843,3mqpB,B,0,0,0,0,[0.63 0.37],[0.85 0.15],[0.83084788 0.16915212]
0,Q13794,F32I,Q92843-2,3mqpB,B,0,0,1,1,[0.5 0.5],[0.46 0.54],[0.47747306 0.52252694]
1,P63279,H20D,P61956,2uyzA,A,1,1,1,1,[0.14 0.86],[0.06 0.94],[0.01928791 0.98071209]
1,P63279,H20D,P61956-2,2uyzA,A,1,1,1,1,[0.2 0.8],[0.16 0.84],[0.10477181 0.89522819]
1,O95149,L4A,O14980,3nc0E,E,1,1,1,1,[0.45 0.55],[0.36 0.64],[0.3390911 0.6609089]
1,P51809,T129P,Q9UNK0,1gl2A,A,1,1,1,1,[0.3 0.7],[0.16 0.84],[0.1545723 0.8454277]
1,Q92797,K185A,Q9NP77,4h3kD,D,1,1,1,1,[0.18 0.82],[0.05 0.95],[0.03205848 0.96794152]
1,Q92797,K185A,Q9NP77-2,4h3kD,D,1,1,1,1,[0.18 0.82],[0.23 0.77],[0.14447382 0.85552618]
1,P38919,F232R,O15234,3ex7C,C,1,1,1,1,[0.47 0.53],[0.35 0.65],[0.29260852 0.70739148]
0,P13646,R355H,P02538,3tnuA,A,0,0,1,1,[0.76 0.24],[0.48 0.52],[0.48109389 0.51890611]
0,P01903,F49S,P01911,4i5bD,D,0,1,1,1,[0.3 0.7],[0.19 0.81],[0.1450642 0.8549358]
1,A5PKW4,E621K,P62330,1r8sE,E,1,1,1,1,[0.35 0.65],[0.22 0.78],[0.18831574 0.81168426]
0,P07195,R172H,P00338-2,4aj2B,B,0,1,1,1,[0.2 0.8],[0.12 0.88],[0.04756617 0.95243383]
0,P07195,R172H,P00338-3,4aj2B,B,0,1,1,1,[0.2 0.8],[0.12 0.88],[0.04756617 0.95243383]
0,P07195,R172H,P00338-5,4aj2B,B,0,1,1,1,[0.2 0.8],[0.12 0.88],[0.04756617 0.95243383]
0,P61587,N86R,O43157-2,3su8A,A,0,1,0,0,[0.4 0.6],[0.52 0.48],[0.52707071 0.47292929]
0,P61587,N86R,O43157,3su8A,A,0,1,1,1,[0.46 0.54],[0.49 0.51],[0.4678589 0.5321411]
0,P40692,V213M,P54278-2,1h7sB,B,0,1,1,1,[0.35 0.65],[0.39 0.61],[0.1612766 0.8387234]
1,O95149,K144D,O14980,3nc0E,E,1,1,1,1,[0.22 0.78],[0.17 0.83],[0.21542253 0.78457747]
0,P13747,R129A,Q13241,1p1zA,A,0,1,1,1,[0.45 0.55],[0.36 0.64],[0.42156525 0.57843475]
0,P13747,R129A,Q13241-3,1p1zA,A,0,1,1,1,[0.45 0.55],[0.36 0.64],[0.42156525 0.57843475]
1,Q9Y4K3,L74H,P61088,3hctA,A,1,1,1,1,[0.12 0.88],[0.16 0.84],[0.08249583 0.91750417]
1,Q9BV40,L44P,O43752,2npsA,A,1,1,1,1,[0.06 0.94],[0.03 0.97],[0.02531756 0.97468244]
1,P04637,L25A,Q09472,2k8fB,B,1,0,1,1,[0.57 0.43],[0.3 0.7],[0.43841049 0.56158951]
1,Q16665,Y340T,P27540,4h6jA,A,1,1,1,1,[0.08 0.92],[0.02 0.98],[0.00987132 0.99012868]
1,Q16665,Y340T,P27540-2,4h6jA,A,1,1,1,1,[0.02 0.98],[0. 1.],[4.74375523e-04 9.99525624e-01]
1,Q16665,Y340T,P27540-3,4h6jA,A,1,1,1,1,[0.02 0.98],[0. 1.],[4.74375523e-04 9.99525624e-01]
1,Q16531,W561K,Q13619,2hyeA,A,1,1,1,1,[0.25 0.75],[0.08 0.92],[0.05549707 0.94450293]
1,Q96QK1,F541D,Q9UBQ0,2r17C,C,1,1,1,1,[0.08 0.92],[0.05 0.95],[0.193977 0.806023]
1,Q96QK1,F541D,Q9UBQ0-2,2r17C,C,1,1,1,1,[0.08 0.92],[0.05 0.95],[0.193977 0.806023]
0,P13747,T235A,Q13241,1p1zA,A,0,1,1,1,[0.46 0.54],[0.46 0.54],[0.37191297 0.62808703]
0,P13747,T235A,Q13241-2,1p4lA,A,0,1,1,1,[0.4 0.6],[0.38 0.62],[0.32258735 0.67741265]
0,P13747,T235A,Q13241-3,1p1zA,A,0,1,1,1,[0.46 0.54],[0.46 0.54],[0.37191297 0.62808703]
1,Q9BV40,L16P,Q9UNK0,1gl2A,A,1,1,1,1,[0.09 0.91],[0.05 0.95],[0.04037492 0.95962508]
1,Q16665,P564G,Q96KS0,3hqrS,S,1,1,1,1,[0.26 0.74],[0.27 0.73],[0.30259024 0.69740976]
1,Q16665,P564G,Q96KS0-2,3hqrS,S,1,1,1,1,[0.26 0.74],[0.28 0.72],[0.30259024 0.69740976]
0,P11362,P252R,P09038,1iilH,H,0,1,1,1,[0.21 0.79],[0.19 0.81],[0.2174864 0.7825136]
0,P11362,P252R,P09038-1,1cvsD,D,0,1,1,1,[0.29 0.71],[0.21 0.79],[0.20090843 0.79909157]
0,P11362,P252R,P09038-2,1cvsD,D,0,1,1,1,[0.29 0.71],[0.21 0.79],[0.20090843 0.79909157]
0,P11362,P252R,P09038-3,1cvsD,D,0,1,1,1,[0.29 0.71],[0.17 0.83],[0.22314226 0.77685774]
1,O14641,Y27D,O15169,2d5gA,A,1,1,1,1,[0.23 0.77],[0.04 0.96],[0.02904939 0.97095061]
1,O14641,Y27D,O15169-2,2d5gA,A,1,1,1,1,[0.23 0.77],[0.04 0.96],[0.02904939 0.97095061]
1,O15085,R868G,P61586,3qbvD,D,1,1,1,1,[0.21 0.79],[0.09 0.91],[0.06682305 0.93317695]
1,P84243,G91V,P62805,1kx5E,E,1,0,0,1,[0.67 0.33],[0.67 0.33],[0.32893581 0.67106419]
0,O43543,V160I,O75771-4,1pznG,G,0,0,0,0,[0.76 0.24],[0.85 0.15],[0.87442336 0.12557664]
0,O43543,V160I,O75771-7,1pznG,G,0,0,0,0,[0.74 0.26],[0.83 0.17],[0.85398911 0.14601089]
1,O15111,K44M,P25963,3zu7A,A,1,0,1,1,[0.5 0.5],[0.39 0.61],[0.39133837 0.60866163]
0,P11362,P252R,P31371,3ojvC,C,0,1,1,1,[0.45 0.55],[0.34 0.66],[0.39676746 0.60323254]
0,P12272,I64L,Q03431,3h3gB,B,0,0,0,0,[0.58 0.42],[0.81 0.19],[0.88320543 0.11679457]
1,P04637,L22A,Q09472,2k8fB,B,1,1,1,1,[0.2 0.8],[0.13 0.87],[0.10141036 0.89858964]
1,O15085,R872D,P61586,3qbvD,D,1,1,1,1,[0.13 0.87],[0.03 0.97],[0.14200576 0.85799424]
1,P61326,E68R,Q9BRP8,1rk8B,B,1,1,1,1,[0.23 0.77],[0.14 0.86],[0.34270577 0.65729423]
1,P61326,E68R,Q9BRP8-2,1rk8B,B,1,1,1,1,[0.21 0.79],[0.09 0.91],[0.25886723 0.74113277]
1,Q8NI22,D122V,P49257,3lcpD,D,1,1,1,1,[0.07 0.93],[0. 1.],[0.005 0.995]
1,Q13257,W167A,Q12834,4aezH,H,1,1,1,1,[0.34 0.66],[0.37 0.63],[0.34525431 0.65474569]
0,P01133,L996V,P00533-3,1nqlB,B,0,0,0,0,[0.5 0.5],[0.58 0.42],[0.68075409 0.31924591]
0,P01133,H980Y,P00533,1nqlB,B,0,1,0,0,[0.42 0.58],[0.69 0.31],[0.65043269 0.34956731]
0,P01133,H980Y,P00533-2,1nqlB,B,0,1,0,0,[0.42 0.58],[0.69 0.31],[0.65043269 0.34956731]
0,P01133,H980Y,P00533-3,1nqlB,B,0,1,0,0,[0.48 0.52],[0.79 0.21],[0.72182609 0.27817391]
0,P01133,H980Y,P00533-3,3ltfD,D,0,1,0,0,[0.49 0.51],[0.77 0.23],[0.69824863 0.30175137]
0,P01133,H980Y,P00533-4,1nqlB,B,0,1,0,0,[0.42 0.58],[0.69 0.31],[0.65043269 0.34956731]
1,Q92900,E182R,Q9HAU5,2wjvB,B,1,1,1,1,[0.29 0.71],[0.27 0.73],[0.29955566 0.70044434]
0,Q13241,N158A,P13747,1p1zD,D,0,0,0,0,[0.72 0.28],[0.67 0.33],[0.59591715 0.40408285]
1,P10276,P375L,P48443,1xdkB,B,1,1,1,1,[0.28 0.72],[0.25 0.75],[0.23741125 0.76258875]
1,Q8IYM1,D197N,Q14141,2qagA,A,1,0,1,1,[0.51 0.49],[0.46 0.54],[0.41728139 0.58271861]
1,Q8IYM1,D197N,Q14141-2,2qagA,A,1,0,1,1,[0.51 0.49],[0.46 0.54],[0.41728139 0.58271861]
1,Q8IYM1,D197N,Q14141-3,2qagA,A,1,1,0,1,[0.49 0.51],[0.52 0.48],[0.25985837 0.74014163]
1,Q8IYM1,D197N,Q14141-4,2qagA,A,1,0,1,1,[0.51 0.49],[0.46 0.54],[0.41728139 0.58271861]
1,Q92692,F145A,Q495A1,3udwC,C,1,1,1,1,[0.05 0.95],[0.06 0.94],[0.03395239 0.96604761]
1,Q92692,F145A,Q495A1-2,3udwC,C,1,1,1,1,[0.06 0.94],[0.05 0.95],[0.02655503 0.97344497]
1,Q9BV36,R35V,P51159-2,2zetD,D,1,1,1,1,[0.13 0.87],[0.16 0.84],[0.23508649 0.76491351]
1,Q9BV36,R35V,P51159,2zetC,C,1,1,1,1,[0.08 0.92],[0.11 0.89],[0.10364654 0.89635346]
1,Q96QK1,T629D,Q9UBQ0,2r17C,C,1,1,1,1,[0.12 0.88],[0.01 0.99],[0.09996779 0.90003221]
1,Q96QK1,T629D,Q9UBQ0-2,2r17C,C,1,1,1,1,[0.12 0.88],[0.01 0.99],[0.09996779 0.90003221]
0,P02489,R116C,P02511,3n3eB,B,0,1,1,1,[0.2 0.8],[0.15 0.85],[0.20301828 0.79698172]
0,Q9UK55,E404A,P00742,2gd4I,I,0,0,1,1,[0.53 0.47],[0.31 0.69],[0.27725423 0.72274577]
1,Q10567,I85D,P84077,4hmyB,B,1,1,1,1,[0.14 0.86],[0.05 0.95],[0.07344776 0.92655224]
0,P02538,I462S,O76015,3tnuB,B,0,0,1,0,[0.54 0.46],[0.46 0.54],[0.73818581 0.26181419]
0,P13489,Y438A,P03950,3tsrF,F,0,1,1,1,[0.25 0.75],[0.23 0.77],[0.28261438 0.71738562]
1,O43809,Y160A,Q16630-3,3q2sB,B,1,1,1,1,[0.08 0.92],[0.11 0.89],[0.15775095 0.84224905]
1,O43809,Y160A,Q16630,3p5tC,C,1,1,1,1,[0.16 0.84],[0.16 0.84],[0.11609889 0.88390111]
1,O43809,Y160A,Q16630-2,3p5tC,C,1,1,1,1,[0.16 0.84],[0.16 0.84],[0.11609889 0.88390111]
1,Q96I25,R375A,P26368,3v4mB,B,1,1,1,1,[0.25 0.75],[0.13 0.87],[0.08251172 0.91748828]
1,Q96I25,R375A,P26368-2,3v4mB,B,1,1,1,1,[0.25 0.75],[0.13 0.87],[0.08251172 0.91748828]
0,Q96CA5,H164R,P55211,1nw9A,A,0,0,0,0,[0.74 0.26],[0.82 0.18],[1. 0.]
0,Q96CA5,H164R,P55211-2,1nw9A,A,0,0,0,0,[0.63 0.37],[0.87 0.13],[1. 0.]
0,Q96CA5,H164R,P55211-4,1nw9A,A,0,0,0,0,[0.74 0.26],[0.82 0.18],[1. 0.]
1,Q9Y2M5,L148A,Q13618,4hxiA,A,1,1,1,1,[0.32 0.68],[0.11 0.89],[0.11882521 0.88117479]
1,Q16665,P564G,Q9GZT9-2,3hqrS,S,1,1,1,1,[0.27 0.73],[0.25 0.75],[0.3064651 0.6935349]
1,Q16665,P564G,Q9GZT9-3,3hqrS,S,1,1,1,1,[0.25 0.75],[0.29 0.71],[0.34563383 0.65436617]
1,Q16665,P564G,Q9GZT9,3hqrS,S,1,1,1,1,[0.39 0.61],[0.3 0.7],[0.3625084 0.6374916]
1,Q99558,K430A,O15111,4idtB,B,1,1,0,0,[0.41 0.59],[0.51 0.49],[0.52467681 0.47532319]
0,Q8WXD5,S25N,Q9H840,1y96A,A,0,0,0,0,[0.69 0.31],[0.88 0.12],[0.89923305 0.10076695]
0,P52294,T433M,Q9UKX7,3tj3A,A,0,1,1,1,[0.31 0.69],[0.27 0.73],[0.32488007 0.67511993]
1,P84077,L77D,Q10567-2,4hmyC,C,1,1,1,1,[0.12 0.88],[0.09 0.91],[0.10646324 0.89353676]
1,P84077,L77D,Q10567-3,4hmyC,C,1,1,1,1,[0.12 0.88],[0.09 0.91],[0.10646324 0.89353676]
1,P84077,L77D,Q10567-4,4hmyC,C,1,1,1,1,[0.12 0.88],[0.09 0.91],[0.10646324 0.89353676]
1,P84077,L77D,Q10567,4hmyC,C,1,1,1,1,[0.11 0.89],[0.14 0.86],[0.15667772 0.84332228]
1,Q99814,Q322E,P27540,3f1pA,A,1,1,1,1,[0.24 0.76],[0.14 0.86],[0.32456469 0.67543531]
1,Q99814,Q322E,P27540-2,3f1pA,A,1,1,1,1,[0.24 0.76],[0.14 0.86],[0.32456469 0.67543531]
1,Q99814,Q322E,P27540-3,3f1pA,A,1,1,1,1,[0.24 0.76],[0.14 0.86],[0.32456469 0.67543531]
1,Q9BV40,L44P,Q9UNK0,1gl2A,A,1,1,1,1,[0.04 0.96],[0.06 0.94],[0.02704159 0.97295841]
0,P11802,R24H,P55273,1blxA,A,0,1,1,1,[0.21 0.79],[0.1 0.9],[0.22070974 0.77929026]
0,P40692,F80V,P54278,1h7sB,B,0,1,1,1,[0.4 0.6],[0.48 0.52],[0.30987074 0.69012926]
0,P40692,F80V,P54278-3,1h7sB,B,0,1,1,1,[0.4 0.6],[0.48 0.52],[0.30987074 0.69012926]
1,Q14457,G120E,Q07817-3,2ponA,A,1,1,1,1,[0.33 0.67],[0.1 0.9],[0.15195753 0.84804247]
1,Q14457,G120E,Q07817,2ponA,A,1,1,1,1,[0.45 0.55],[0.41 0.59],[0.38492664 0.61507336]
1,O43541,G471S,Q15797,1khuA,A,1,1,1,1,[0.18 0.82],[0.18 0.82],[0.25075202 0.74924798]
1,Q07812,D68R,Q07817,4a1wD,D,1,0,0,0,[0.61 0.39],[0.81 0.19],[0.74798193 0.25201807]
1,P61224,F64A,P47736,3brwD,D,1,1,1,1,[0.24 0.76],[0.16 0.84],[0.13757417 0.86242583]
1,P61224,F64A,P47736-2,3brwD,D,1,1,1,1,[0.17 0.83],[0.15 0.85],[0.12558221 0.87441779]
1,P61224,F64A,P47736-3,3brwD,D,1,1,1,1,[0.21 0.79],[0.15 0.85],[0.14790578 0.85209422]
1,P61224,F64A,P47736-4,3brwD,D,1,1,1,1,[0.17 0.83],[0.15 0.85],[0.12558221 0.87441779]
1,Q8WXH0,Y6878A,Q9UH99,4dxrB,B,1,1,1,1,[0.41 0.59],[0.39 0.61],[0.27887599 0.72112401]
1,Q8WXH0,Y6878A,Q9UH99-2,4dxrB,B,1,1,1,1,[0.41 0.59],[0.39 0.61],[0.27887599 0.72112401]
1,Q8WXH0,Y6878A,Q9UH99-3,4dxrB,B,1,0,0,1,[0.54 0.46],[0.52 0.48],[0.42841057 0.57158943]
1,Q9BV40,V20P,O15400,1gl2A,A,1,1,1,1,[0.03 0.97],[0.02 0.98],[0.02043207 0.97956793]
1,Q9BV40,V20P,O15400-2,1gl2A,A,1,1,1,1,[0.06 0.94],[0.14 0.86],[0.09016471 0.90983529]
1,Q15836,L53P,Q9UNK0,1gl2A,A,1,1,1,1,[0.14 0.86],[0.16 0.84],[0.18046191 0.81953809]
1,Q16531,A400D,Q13619,2hyeA,A,1,1,1,1,[0.29 0.71],[0.08 0.92],[0.10550956 0.89449044]
1,O15085,D873N,P61586,3qbvD,D,1,1,1,1,[0.23 0.77],[0.33 0.67],[0.29228348 0.70771652]
1,P38919,R179E,O15234,3ex7C,C,1,0,1,1,[0.53 0.47],[0.39 0.61],[0.42383886 0.57616114]
1,P11940,K580A,Q9BPZ3,1jgnA,A,1,1,1,1,[0.4 0.6],[0.44 0.56],[0.33239254 0.66760746]
1,Q15672,L159F,P15923,2ypaA,A,1,1,1,1,[0.13 0.87],[0.06 0.94],[0.22581728 0.77418272]
1,Q15672,L159F,P15923-2,2ypaA,A,1,1,1,1,[0.09 0.91],[0.08 0.92],[0.11618288 0.88381712]
0,Q16611,L163V,Q07817,4a1wD,D,0,0,0,0,[0.65 0.35],[0.78 0.22],[0.91577341 0.08422659]
0,Q16611,L163V,Q07817-3,3zlrA,A,0,0,0,0,[0.55 0.45],[0.82 0.18],[0.88148168 0.11851832]
1,P25815,F74G,P23297,2y5iB,B,1,1,1,1,[0.35 0.65],[0.36 0.64],[0.29287897 0.70712103]
0,P11802,S52N,P42772,1bi7A,A,0,1,1,1,[0.3 0.7],[0.44 0.56],[0.42742905 0.57257095]
0,O00267,I194V,P63272,3h7hB,B,0,0,0,0,[0.88 0.12],[0.82 0.18],[0.89597312 0.10402688]
1,P51809,L157P,Q9UNK0,1gl2A,A,1,1,1,1,[0.05 0.95],[0.08 0.92],[0.06754576 0.93245424]
1,Q13133,I442A,Q15788,1p8dA,A,1,1,1,1,[0.28 0.72],[0.26 0.74],[0.16954993 0.83045007]
1,Q13133,I442A,Q15788-2,1p8dA,A,1,1,1,1,[0.25 0.75],[0.33 0.67],[0.15289333 0.84710667]
1,Q13133,I442A,Q15788-3,1p8dA,A,1,1,1,1,[0.22 0.78],[0.28 0.72],[0.16080535 0.83919465]
1,Q8IXQ5,A153T,Q13618-2,4hxiA,A,1,1,1,1,[0.22 0.78],[0.39 0.61],[0.32710568 0.67289432]
0,P11802,R24C,P55273,1blxA,A,0,1,1,1,[0.21 0.79],[0.08 0.92],[0.13382386 0.86617614]
1,Q99814,Y342T,P27540,3f1pA,A,1,1,1,1,[0. 1.],[0.02 0.98],[0.00413526 0.99586474]
1,Q99814,Y342T,P27540-2,3f1pA,A,1,1,1,1,[0. 1.],[0.02 0.98],[0.00413526 0.99586474]
1,Q99814,Y342T,P27540-3,3f1pA,A,1,1,1,1,[0. 1.],[0.02 0.98],[0.00413526 0.99586474]
1,Q9BV40,L51P,O15400,1gl2A,A,1,1,1,1,[0.06 0.94],[0.02 0.98],[0.01475337 0.98524663]
1,Q9BV40,L51P,O15400-2,1gl2A,A,1,1,1,1,[0.1 0.9],[0.12 0.88],[0.07002484 0.92997516]
1,Q8WXH0,P6883A,Q9UH99,4dxrB,B,1,1,1,1,[0.41 0.59],[0.43 0.57],[0.35629622 0.64370378]
1,Q8WXH0,P6883A,Q9UH99-2,4dxrB,B,1,1,1,1,[0.41 0.59],[0.43 0.57],[0.35629622 0.64370378]
1,Q8WXH0,P6883A,Q9UH99-3,4dxrB,B,1,1,1,1,[0.36 0.64],[0.31 0.69],[0.23663075 0.76336925]
1,P42773,F37I,Q00534,1blxB,B,1,1,1,1,[0.22 0.78],[0.1 0.9],[0.16133716 0.83866284]
1,P84243,E95A,P62805,1kx5E,E,1,1,1,1,[0.32 0.68],[0.18 0.82],[0.14966006 0.85033994]
0,Q495M9,E393D,Q9Y6N9-4,3k1rB,B,0,0,1,1,[0.57 0.43],[0.45 0.55],[0.47738272 0.52261728]
0,Q495M9,E393D,Q9Y6N9-3,3k1rB,B,0,0,0,0,[0.57 0.43],[0.52 0.48],[0.54632388 0.45367612]
0,Q495M9,E393D,Q9Y6N9,3k1rB,B,0,0,1,1,[0.56 0.44],[0.47 0.53],[0.46965183 0.53034817]
0,Q495M9,E393D,Q9Y6N9-5,3k1rB,B,0,0,1,1,[0.57 0.43],[0.45 0.55],[0.47738272 0.52261728]
1,Q9HCG8,N171A,P38919,4c9bB,B,1,1,1,1,[0.14 0.86],[0.01 0.99],[0.00285705 0.99714295]
1,P10276,P375L,P28702,1xdkB,B,1,1,1,1,[0.3 0.7],[0.25 0.75],[0.20379271 0.79620729]
1,P10276,P375L,P28702-3,1xdkB,B,1,1,1,1,[0.23 0.77],[0.25 0.75],[0.22560972 0.77439028]
1,P55957,G94A,Q92843,1zy3B,B,1,1,1,1,[0.42 0.58],[0.27 0.73],[0.36089802 0.63910198]
1,P15056,I666R,Q02750,2y4iB,B,1,1,1,1,[0.46 0.54],[0.32 0.68],[0.32833218 0.67166782]
1,P63279,R17E,P61956,2uyzA,A,1,1,1,1,[0.16 0.84],[0.18 0.82],[0.1757438 0.8242562]
1,P63279,R17E,P61956-2,2uyzA,A,1,1,1,1,[0.16 0.84],[0.17 0.83],[0.18458677 0.81541323]
1,Q07812,M74E,Q92843,2y6wA,A,1,0,0,0,[0.54 0.46],[0.7 0.3],[0.69736027 0.30263973]
1,Q07812,M74E,Q92843-2,2y6wA,A,1,1,0,0,[0.44 0.56],[0.64 0.36],[0.63912367 0.36087633]
0,Q14203,Q93R,P30622,2hl3B,B,0,0,0,1,[0.6 0.4],[0.51 0.49],[0.44349384 0.55650616]
0,Q14203,Q93R,P30622,2hl3B,B,0,0,0,0,[0.7 0.3],[0.6 0.4],[0.55584071 0.44415929]
0,Q14203,Q93R,P30622-1,2hl3B,B,0,0,0,1,[0.6 0.4],[0.51 0.49],[0.44349384 0.55650616]
0,Q14203,Q93R,P30622-1,2hl3B,B,0,0,0,1,[0.7 0.3],[0.67 0.33],[0.47584071 0.52415929]
0,Q14203,Q93R,P30622-2,2hl3B,B,0,0,0,1,[0.71 0.29],[0.59 0.41],[0.48146031 0.51853969]
0,Q14203,Q93R,P30622-2,2hl3B,B,0,0,0,1,[0.7 0.3],[0.67 0.33],[0.47584071 0.52415929]
0,O43617,K32Q,O75865,2j3tA,A,0,1,1,1,[0.25 0.75],[0.22 0.78],[0.27204493 0.72795507]
0,O43617,K32Q,O75865-2,2j3tA,A,0,1,1,1,[0.29 0.71],[0.29 0.71],[0.28394089 0.71605911]
1,P51809,T129P,O43752,2npsA,A,1,1,1,1,[0.28 0.72],[0.28 0.72],[0.24185174 0.75814826]
0,P02538,I462S,Q15323,3tnuB,B,0,0,1,1,[0.67 0.33],[0.34 0.66],[0.18977685 0.81022315]
1,P61326,E72R,Q9BRP8,1rk8B,B,1,1,1,1,[0.22 0.78],[0.22 0.78],[0.28138687 0.71861313]
1,P61326,E72R,Q9BRP8-2,1rk8B,B,1,1,1,1,[0.23 0.77],[0.09 0.91],[0.12186461 0.87813539]
1,Q96AX1,Y438P,Q9H269,4bx9A,A,1,1,1,1,[0.09 0.91],[0.29 0.71],[0.25947527 0.74052473]
1,Q96AX1,Y438P,Q9H269-2,4bx9A,A,1,1,1,1,[0.09 0.91],[0.29 0.71],[0.25947527 0.74052473]
0,O95405,A797P,P84022,1devB,B,0,0,0,0,[0.53 0.47],[0.5 0.5],[0.6137801 0.3862199]
0,O95405,A797P,P84022-4,1devB,B,0,0,0,0,[0.53 0.47],[0.5 0.5],[0.6137801 0.3862199]
0,O95405,A797P,P84022-2,1devB,B,0,1,1,0,[0.43 0.57],[0.44 0.56],[0.57193609 0.42806391]
0,O95405,A797P,P84022-3,1devB,B,0,1,1,0,[0.43 0.57],[0.44 0.56],[0.57193609 0.42806391]
1,O14965,G198L,Q9NQS7,4af3A,A,1,1,1,1,[0.27 0.73],[0.04 0.96],[0.02817571 0.97182429]
1,O14965,G198L,Q9NQS7-2,4af3A,A,1,1,1,1,[0.24 0.76],[0.03 0.97],[0.01282879 0.98717121]
1,Q9Y376,M260E,Q9P289-3,3gniA,A,1,1,1,1,[0.29 0.71],[0.36 0.64],[0.43782674 0.56217326]
1,P61326,E72A,Q9BRP8,1rk8B,B,1,1,1,1,[0.17 0.83],[0.2 0.8],[0.31891553 0.68108447]
1,P61326,E72A,Q9BRP8-2,1rk8B,B,1,1,1,1,[0.14 0.86],[0.03 0.97],[0.1050537 0.8949463]
0,P01133,D973Y,P00533,1nqlB,B,0,1,1,0,[0.41 0.59],[0.48 0.52],[0.51541667 0.48458333]
0,P01133,D973Y,P00533-2,1nqlB,B,0,1,1,0,[0.41 0.59],[0.48 0.52],[0.51541667 0.48458333]
0,P01133,D973Y,P00533-4,1nqlB,B,0,1,1,0,[0.41 0.59],[0.48 0.52],[0.51541667 0.48458333]
1,O43521-3,G66E,Q92843,3fdlB,B,1,1,1,1,[0.15 0.85],[0.12 0.88],[0.20284405 0.79715595]
1,O43521-3,G66E,Q92843-2,3fdlB,B,1,1,1,1,[0.21 0.79],[0.04 0.96],[0.0434507 0.9565493]
0,Q00534,D110N,P42773,1blxA,A,0,0,0,0,[0.7 0.3],[0.82 0.18],[0.79634731 0.20365269]
1,Q96AX1,Y438D,Q9H269,4bx9A,A,1,1,1,1,[0.09 0.91],[0.29 0.71],[0.25447527 0.74552473]
1,Q96AX1,Y438D,Q9H269-2,4bx9A,A,1,1,1,1,[0.09 0.91],[0.29 0.71],[0.25447527 0.74552473]
1,P38919,Y205A,O15234,3ex7C,C,1,0,1,1,[0.52 0.48],[0.31 0.69],[0.3080724 0.6919276]
0,P62195,R258W,P43686-2,4ko8A,A,0,1,0,1,[0.34 0.66],[0.57 0.43],[0.48599564 0.51400436]
0,P62195,R258W,P43686,4ko8B,B,0,1,1,1,[0.13 0.87],[0.13 0.87],[0.21477179 0.78522821]
1,Q53EL6,D253A,P60842-2,3eiqC,C,1,1,1,1,[0.2 0.8],[0.13 0.87],[0.30600672 0.69399328]
1,Q96AX1,K429D,Q9H269,4bx9A,A,1,1,1,1,[0.16 0.84],[0.31 0.69],[0.34219799 0.65780201]
1,Q96AX1,K429D,Q9H269-2,4bx9A,A,1,1,1,1,[0.16 0.84],[0.31 0.69],[0.34219799 0.65780201]
1,Q13542,L59A,P06730,3am7B,B,1,1,1,1,[0.16 0.84],[0.03 0.97],[0.0071003 0.9928997]
1,Q13542,L59A,P06730-2,3am7B,B,1,1,1,1,[0.18 0.82],[0.12 0.88],[0.1037757 0.8962243]
1,Q13542,L59A,P06730-2,3am7B,B,1,1,1,1,[0.29 0.71],[0.17 0.83],[0.14151171 0.85848829]
1,Q13542,L59A,P06730-3,3am7B,B,1,1,1,1,[0.16 0.84],[0.03 0.97],[0.0071003 0.9928997]
1,Q9UBQ0,L142D,Q96QK1,2r17A,A,1,1,1,1,[0.13 0.87],[0.06 0.94],[0.08855894 0.91144106]
0,P51587,V1532I,Q06609-2,1n0wB,B,0,0,0,0,[0.74 0.26],[0.79 0.21],[0.77147626 0.22852374]
0,P51587,V1532I,Q06609-3,1n0wB,B,0,0,0,0,[0.53 0.47],[0.81 0.19],[0.85619913 0.14380087]
0,P51587,V1532I,Q06609,1n0wB,B,0,0,0,0,[0.58 0.42],[0.82 0.18],[0.82604676 0.17395324]
0,P51587,V1532I,Q06609-4,1n0wB,B,0,0,0,0,[0.59 0.41],[0.86 0.14],[0.81924989 0.18075011]
0,P46527,Y89A,P07948,1jsuC,C,0,0,0,0,[0.53 0.47],[0.59 0.41],[0.52696393 0.47303607]
0,P46527,Y89A,P07948-2,1jsuC,C,0,0,0,0,[0.53 0.47],[0.59 0.41],[0.52696393 0.47303607]
1,Q15836,L46P,O15400,3hd7E,E,1,1,0,0,[0.36 0.64],[0.66 0.34],[0.55517699 0.44482301]
1,Q15836,L46P,O15400-2,1sfcI,I,1,1,0,1,[0.42 0.58],[0.57 0.43],[0.49656711 0.50343289]
0,P16220,S142L,Q92793,1kdxB,B,0,1,1,1,[0.27 0.73],[0.33 0.67],[0.24370336 0.75629664]
0,P16220,S142L,Q92793-2,1kdxB,B,0,1,1,1,[0.27 0.73],[0.29 0.71],[0.22994473 0.77005527]
0,P26715,Q212A,P13747,1p4lD,D,0,1,0,1,[0.47 0.53],[0.54 0.46],[0.47751878 0.52248122]
1,P56945,F794R,Q8N5H7,3t6gB,B,1,1,1,1,[0.27 0.73],[0.34 0.66],[0.34246134 0.65753866]
1,P56945,F794R,Q8N5H7-3,3t6gB,B,1,1,1,1,[0.3 0.7],[0.32 0.68],[0.31235496 0.68764504]
1,P56945,F794R,Q8N5H7-5,3t6gB,B,1,1,1,1,[0.3 0.7],[0.32 0.68],[0.31235496 0.68764504]
1,P56945,F794R,Q8N5H7-2,3t6gB,B,1,1,1,1,[0.32 0.68],[0.35 0.65],[0.34606763 0.65393237]
1,P56945,F794R,Q8N5H7-4,3t6gB,B,1,1,1,1,[0.08 0.92],[0.03 0.97],[0.03205608 0.96794392]
1,P56945,F794R,Q8N5H7-6,3t6gB,B,1,1,1,1,[0.32 0.68],[0.35 0.65],[0.34606763 0.65393237]
1,Q14457,F123A,Q16611,2ponA,A,1,1,1,1,[0.26 0.74],[0.25 0.75],[0.190772 0.809228]
1,Q9Y2M5,I111A,Q13618,4hxiA,A,1,1,1,1,[0.3 0.7],[0.13 0.87],[0.13411453 0.86588547]
0,P13646,R355H,P35908,3tnuA,A,0,0,1,1,[0.79 0.21],[0.47 0.53],[0.48109389 0.51890611]
1,P61224,Q63E,P47736,3brwD,D,1,1,1,1,[0.29 0.71],[0.17 0.83],[0.14526037 0.85473963]
1,P61224,Q63E,P47736-2,3brwD,D,1,1,1,1,[0.31 0.69],[0.2 0.8],[0.29123043 0.70876957]
1,P61224,Q63E,P47736-3,3brwD,D,1,1,1,1,[0.28 0.72],[0.19 0.81],[0.30018281 0.69981719]
1,P61224,Q63E,P47736-4,3brwD,D,1,1,1,1,[0.31 0.69],[0.2 0.8],[0.29123043 0.70876957]
0,P16220,S142L,Q09472,1kdxB,B,0,1,1,1,[0.25 0.75],[0.28 0.72],[0.16921074 0.83078926]
0,P01116-2,K128A,P04049-2,2v55D,D,0,1,1,1,[0.43 0.57],[0.28 0.72],[0.37112316 0.62887684]
0,P13489,Y435A,P03950,3tsrF,F,0,1,1,1,[0.21 0.79],[0.13 0.87],[0.04702179 0.95297821]
1,Q9Y570,S156A,P67775,3c5wP,P,1,1,1,1,[0.39 0.61],[0.15 0.85],[0.3476588 0.6523412]
1,Q9Y570,S156A,P67775-2,3c5wP,P,1,1,1,1,[0.23 0.77],[0.27 0.73],[0.44109233 0.55890767]
1,Q15013,F191A,Q13257,2qyfB,B,1,1,1,1,[0.2 0.8],[0.06 0.94],[0.11163788 0.88836212]
0,P55211,P336S,P98170,1nw9B,B,0,1,1,1,[0.3 0.7],[0.02 0.98],[0.10751157 0.89248843]
1,P84243,G91V,Q9UER7,4hgaB,B,1,0,0,1,[0.52 0.48],[0.58 0.42],[0.24576928 0.75423072]
1,P84243,G91V,Q9UER7-3,4hgaB,B,1,0,0,1,[0.51 0.49],[0.58 0.42],[0.24576928 0.75423072]
1,O14980,F561A,O95149,3nc0D,D,1,1,1,1,[0.11 0.89],[0.22 0.78],[0.27116145 0.72883855]
0,O75771,R165Q,O43543,1pznB,B,0,0,0,0,[0.56 0.44],[0.74 0.26],[0.8724635 0.1275365]
0,Q15843,A72R,P62837,4ap4F,F,0,1,1,1,[0.31 0.69],[0.24 0.76],[0.32148764 0.67851236]
1,P55957,D95A,Q92843,1zy3B,B,1,1,1,1,[0.19 0.81],[0.22 0.78],[0.26074408 0.73925592]
1,Q9Y376,R227A,O95747,3gniA,A,1,1,1,1,[0.26 0.74],[0.45 0.55],[0.49934326 0.50065674]
1,Q9Y294,D37A,P54198,2i32B,B,1,1,1,1,[0.04 0.96],[0.04 0.96],[0.02023772 0.97976228]
1,Q9Y294,D37A,P54198-2,2i32B,B,1,1,1,1,[0.09 0.91],[0.03 0.97],[0.02576515 0.97423485]
1,P25815,I75G,P23297,2y5iB,B,1,1,1,1,[0.18 0.82],[0.23 0.77],[0.1552759 0.8447241]
1,Q9Y376,R227A,Q9UEW8,3gniA,A,1,1,1,1,[0.37 0.63],[0.35 0.65],[0.4382481 0.5617519]
1,P01903,G53H,P28068,4md4A,A,1,0,1,1,[0.56 0.44],[0.21 0.79],[0.19731865 0.80268135]
1,P54727,L8A,P55036,1uelA,A,1,1,1,1,[0.11 0.89],[0.13 0.87],[0.07925798 0.92074202]
1,Q8NI22,D89A,P49257,3lcpD,D,1,1,1,1,[0.08 0.92],[0.04 0.96],[0.01564888 0.98435112]
1,P51809,L136P,Q9UNK0,1gl2A,A,1,1,1,1,[0.07 0.93],[0.07 0.93],[0.07108768 0.92891232]
0,Q9Y248,D24G,Q9BRT9,2ehoK,K,0,1,1,1,[0.25 0.75],[0.19 0.81],[0.37909628 0.62090372]
0,P13747,T235A,P26715,1p4lA,A,0,0,0,1,[0.53 0.47],[0.51 0.49],[0.41737295 0.58262705]
0,P13747,T235A,P26715-2,1p4lA,A,0,1,1,1,[0.49 0.51],[0.4 0.6],[0.39269035 0.60730965]
1,P61081,N113A,Q15843,4ap4E,E,1,1,1,1,[0.19 0.81],[0.16 0.84],[0.1591188 0.8408812]
1,Q15788,L693A,Q13133,1p8dC,C,1,1,1,1,[0.1 0.9],[0.01 0.99],[0.03516012 0.96483988]
0,O15111,S176E,P25963,3zu7A,A,0,0,0,0,[0.57 0.43],[0.6 0.4],[0.62152954 0.37847046]
1,O43521-3,G66A,P10415,1pq1B,B,1,1,1,1,[0.36 0.64],[0.47 0.53],[0.42344233 0.57655767]
1,O43521-3,G66A,P10415-2,3fdlB,B,1,1,1,1,[0.45 0.55],[0.4 0.6],[0.37885879 0.62114121]
0,Q00987,Y489F,O15151,2vjeA,A,0,0,0,1,[0.55 0.45],[0.5 0.5],[0.43265713 0.56734287]
0,Q00987,Y489F,O15151-4,2vjeA,A,0,0,0,1,[0.55 0.45],[0.5 0.5],[0.43265713 0.56734287]
0,Q00987,Y489F,O15151-5,2vjeA,A,0,0,0,1,[0.55 0.45],[0.5 0.5],[0.43265713 0.56734287]
0,P40692,C77R,P54278,1h7sB,B,0,1,1,1,[0.36 0.64],[0.15 0.85],[0.19724938 0.80275062]
0,P40692,C77R,P54278-3,1h7sB,B,0,1,1,1,[0.36 0.64],[0.15 0.85],[0.19724938 0.80275062]
1,P15056,R509H,P04049,4h58C,C,1,1,1,1,[0.41 0.59],[0.27 0.73],[0.25723736 0.74276264]
1,P15056,R509H,P04049-2,4h58C,C,1,1,1,1,[0.41 0.59],[0.27 0.73],[0.25723736 0.74276264]
1,O15085,R867Q,P61586,3qbvD,D,1,1,0,1,[0.4 0.6],[0.54 0.46],[0.49732275 0.50267725]
0,P00533,L858R,Q9NSE2-2,4gl9A,A,0,1,1,1,[0.43 0.57],[0.24 0.76],[0.36021149 0.63978851]
0,O00311,I99L,Q9UBU7,4f9aC,C,0,0,0,0,[0.8 0.2],[0.81 0.19],[0.92697802 0.07302198]
1,Q15836,L53P,O43752,2npsA,A,1,1,1,1,[0.22 0.78],[0.13 0.87],[0.13927656 0.86072344]
1,P38919,T178D,O15234,3ex7C,C,1,0,1,1,[0.51 0.49],[0.3 0.7],[0.30945256 0.69054744]
1,Q96QK1,R637D,Q9UBQ0,2r17C,C,1,1,1,1,[0.27 0.73],[0.28 0.72],[0.40047851 0.59952149]
1,Q96QK1,R637D,Q9UBQ0-2,2r17C,C,1,1,1,1,[0.27 0.73],[0.28 0.72],[0.40047851 0.59952149]
1,P23297,L12H,P25815,2y5iA,A,1,1,1,1,[0.05 0.95],[0.04 0.96],[0.06412603 0.93587397]
1,Q9H334,W534R,O15409,2a07I,I,1,1,1,1,[0.32 0.68],[0.28 0.72],[0.28333333 0.71666667]
1,Q9H334,W534R,O15409-2,2a07I,I,1,1,1,1,[0.32 0.68],[0.28 0.72],[0.28333333 0.71666667]
1,Q9H334,W534R,O15409-4,2a07I,I,1,1,1,1,[0.32 0.68],[0.28 0.72],[0.28333333 0.71666667]
1,Q9H334,W534R,O15409-9,2a07I,I,1,1,1,1,[0.32 0.68],[0.28 0.72],[0.28333333 0.71666667]
1,Q13241,L162A,P17693,1p1zD,D,1,1,0,0,[0.49 0.51],[0.53 0.47],[0.58730254 0.41269746]
1,O15111,K44A,P25963,3zu7A,A,1,1,1,1,[0.47 0.53],[0.36 0.64],[0.15178698 0.84821302]
0,Q12918,E200R,Q9UHP7,4iopB,B,0,1,1,1,[0.35 0.65],[0.12 0.88],[0.15833674 0.84166326]
0,Q12918,E200R,Q9UHP7-2,4iopB,B,0,1,1,1,[0.2 0.8],[0.04 0.96],[0.06247207 0.93752793]
0,Q12918,E200R,Q9UHP7-3,4iopB,B,0,1,1,1,[0.18 0.82],[0.17 0.83],[0.14911617 0.85088383]
0,Q12918,E200R,Q9UHP7-6,4iopB,B,0,1,1,1,[0.22 0.78],[0.12 0.88],[0.25197203 0.74802797]
1,Q13542,Y54A,P06730,3am7B,B,1,1,1,1,[0.16 0.84],[0.04 0.96],[0.02710999 0.97289001]
1,Q13542,Y54A,P06730-2,3am7B,B,1,1,1,1,[0.19 0.81],[0.14 0.86],[0.08628212 0.91371788]
1,Q13542,Y54A,P06730-2,3am7B,B,1,1,1,1,[0.27 0.73],[0.3 0.7],[0.32151171 0.67848829]
1,Q13542,Y54A,P06730-3,3am7B,B,1,1,1,1,[0.16 0.84],[0.04 0.96],[0.02710999 0.97289001]
1,Q9BV36,R35F,P51159-2,2zetD,D,1,1,1,0,[0.36 0.64],[0.28 0.72],[0.59499928 0.40500072]
1,Q9BV36,R35F,P51159,2zetC,C,1,1,1,1,[0.1 0.9],[0.12 0.88],[0.1663401 0.8336599]
1,P25815,F71A,P23297,2y5iB,B,1,1,1,1,[0.11 0.89],[0.18 0.82],[0.14432019 0.85567981]
1,P84077,I49D,Q10567-2,4hmyC,C,1,1,1,1,[0.06 0.94],[0.02 0.98],[0.0336317 0.9663683]
1,P84077,I49D,Q10567-3,4hmyC,C,1,1,1,1,[0.06 0.94],[0.02 0.98],[0.0336317 0.9663683]
1,P84077,I49D,Q10567-4,4hmyC,C,1,1,1,1,[0.06 0.94],[0.02 0.98],[0.0336317 0.9663683]
1,P84077,I49D,Q10567,4hmyC,C,1,1,1,1,[0.1 0.9],[0.03 0.97],[0.04122297 0.95877703]
1,P25815,I12A,P23297,2y5iB,B,1,1,1,1,[0.1 0.9],[0.09 0.91],[0.11276956 0.88723044]
1,Q9Y4K3,I72F,P61088,3hctA,A,1,1,1,1,[0.06 0.94],[0.12 0.88],[0.08993461 0.91006539]
1,P51809,L157P,O43752,2npsA,A,1,1,1,1,[0.08 0.92],[0.18 0.82],[0.14402246 0.85597754]
0,P21912,R177A,P31040,1zoyB,B,0,1,1,1,[0.05 0.95],[0.07 0.93],[0.13641504 0.86358496]
0,Q14203,Q93K,P30622,2hl3B,B,0,0,0,1,[0.64 0.36],[0.59 0.41],[0.48349384 0.51650616]
0,Q14203,Q93K,P30622,2hl3B,B,0,0,0,1,[0.7 0.3],[0.6 0.4],[0.47584071 0.52415929]
0,Q14203,Q93K,P30622-1,2hl3B,B,0,0,0,1,[0.64 0.36],[0.59 0.41],[0.48349384 0.51650616]
0,Q14203,Q93K,P30622-1,2hl3B,B,0,0,0,1,[0.71 0.29],[0.67 0.33],[0.47584071 0.52415929]
0,Q14203,Q93K,P30622-2,2hl3B,B,0,0,0,1,[0.73 0.27],[0.61 0.39],[0.48146031 0.51853969]
0,Q14203,Q93K,P30622-2,2hl3B,B,0,0,0,1,[0.71 0.29],[0.67 0.33],[0.47584071 0.52415929]
0,P01270,H63A,Q03431,3c4mD,D,0,1,1,1,[0.1 0.9],[0.04 0.96],[0.07378509 0.92621491]
1,P13501,E49A,P02776,1ilpB,B,1,1,1,1,[0.41 0.59],[0.39 0.61],[0.36114743 0.63885257]
1,P51809,T129P,O15400,1gl2A,A,1,1,1,1,[0.3 0.7],[0.12 0.88],[0.12187846 0.87812154]
1,P51809,T129P,O15400-2,1gl2A,A,1,1,1,1,[0.32 0.68],[0.12 0.88],[0.12187846 0.87812154]
0,P00492,P38S,Q9NRG1,3ggcA,A,0,1,1,1,[0.19 0.81],[0.24 0.76],[0.19463906 0.80536094]
0,P00492,P38S,Q9NRG1-2,3ggcA,A,0,1,1,1,[0.2 0.8],[0.24 0.76],[0.17084933 0.82915067]
1,P61326,D66R,Q9BRP8,1rk8B,B,1,1,1,1,[0.19 0.81],[0.25 0.75],[0.23673218 0.76326782]
1,P61326,D66R,Q9BRP8-2,1rk8B,B,1,1,1,1,[0.22 0.78],[0.07 0.93],[0.11883255 0.88116745]
1,P02671,C184W,P02679,3ghgA,A,1,1,1,1,[0.43 0.57],[0.22 0.78],[0.21036474 0.78963526]
1,P02671,C184W,P02679-2,3ghgA,A,1,1,1,1,[0.42 0.58],[0.15 0.85],[0.16718263 0.83281737]
1,Q9Y4K3,L74K,P61088,3hctA,A,1,1,0,0,[0.29 0.71],[0.61 0.39],[0.62975186 0.37024814]
1,P61587,V87R,O43157-2,3su8A,A,1,1,1,1,[0.16 0.84],[0.01 0.99],[0.02558192 0.97441808]
1,P61587,V87R,O43157,3su8A,A,1,1,1,1,[0.16 0.84],[0.06 0.94],[0.04938509 0.95061491]
0,Q9Y248,I26T,Q9BRT9,2ehoK,K,0,1,0,0,[0.41 0.59],[0.5 0.5],[0.56989639 0.43010361]
1,Q9UBQ0,A141D,Q96QK1,2r17A,A,1,1,1,1,[0.28 0.72],[0.29 0.71],[0.13870744 0.86129256]
1,Q9UBQ0,G94P,Q96QK1,2r17A,A,1,1,1,1,[0.35 0.65],[0.14 0.86],[0.08969875 0.91030125]
1,Q9BZW8,K68A,P09326,2pttB,B,1,1,1,1,[0.37 0.63],[0.46 0.54],[0.44557748 0.55442252]
0,O00311,K416T,Q9UBU7,4f9aC,C,0,0,1,1,[0.56 0.44],[0.48 0.52],[0.45408521 0.54591479]
1,Q9UJM3,Y358A,P00533,4i21C,C,1,1,1,1,[0.3 0.7],[0.18 0.82],[0.13763664 0.86236336]
1,Q9BV40,L16P,O15400,1gl2A,A,1,1,1,1,[0.04 0.96],[0.05 0.95],[0.02730239 0.97269761]
1,Q9BV40,L16P,O15400-2,1gl2A,A,1,1,1,1,[0.08 0.92],[0.16 0.84],[0.09590719 0.90409281]
1,Q9H269,R725E,Q96AX1,4bx9C,C,1,1,1,1,[0.15 0.85],[0.06 0.94],[0.07821646 0.92178354]
1,Q07812,M74R,Q92843,2y6wA,A,1,0,0,0,[0.55 0.45],[0.71 0.29],[0.69736027 0.30263973]
1,Q07812,M74R,Q92843-2,2y6wA,A,1,1,0,0,[0.45 0.55],[0.62 0.38],[0.66458069 0.33541931]
1,Q9UBQ0,W93D,Q96QK1,2r17A,A,1,1,1,1,[0.11 0.89],[0.03 0.97],[0.02856287 0.97143713]
1,P16144,R1281A,Q15149,3f7pC,C,1,1,1,1,[0.02 0.98],[0.05 0.95],[0.02177516 0.97822484]
1,P16144,R1281A,Q15149-2,3f7pC,C,1,1,1,1,[0.03 0.97],[0.04 0.96],[0.04382428 0.95617572]
1,P16144,R1281A,Q15149-4,3f7pC,C,1,1,1,1,[0.03 0.97],[0.04 0.96],[0.04382428 0.95617572]
1,P16144,R1281A,Q15149-5,3f7pC,C,1,1,1,1,[0.03 0.97],[0.04 0.96],[0.04382428 0.95617572]
1,P16144,R1281A,Q15149-8,3f7pC,C,1,1,1,1,[0.03 0.97],[0.04 0.96],[0.04382428 0.95617572]
1,P16144,R1281A,Q15149-9,3f7pC,C,1,1,1,1,[0.02 0.98],[0.05 0.95],[0.02177516 0.97822484]
1,P11940,K580A,Q9H074,1jh4A,A,1,0,0,0,[0.6 0.4],[0.61 0.39],[0.53487434 0.46512566]
0,P11802,N41S,P42772,1bi7A,A,0,1,0,0,[0.47 0.53],[0.81 0.19],[0.81661698 0.18338302]
1,Q15836,V25P,O15400,3hd7E,E,1,1,0,0,[0.39 0.61],[0.66 0.34],[0.57867955 0.42132045]
1,Q15836,V25P,O15400-2,1sfcI,I,1,1,0,0,[0.42 0.58],[0.55 0.45],[0.50267738 0.49732262]
1,Q16665,P564G,Q9H6Z9,3hqrS,S,1,1,1,1,[0.26 0.74],[0.27 0.73],[0.32226257 0.67773743]
1,Q8IWE4,D271A,Q13618-2,3tduA,A,1,1,1,1,[0.24 0.76],[0.08 0.92],[0.12335043 0.87664957]
1,Q8IWE4,D271A,Q13618-3,3tduA,A,1,1,1,1,[0.24 0.76],[0.08 0.92],[0.12335043 0.87664957]
1,Q8IWE4,D271A,Q13618,3tduA,A,1,1,1,1,[0.26 0.74],[0.1 0.9],[0.11961399 0.88038601]
1,Q8WXH0,L6876A,Q9UH99,4dxrB,B,1,1,1,1,[0.41 0.59],[0.41 0.59],[0.21310247 0.78689753]
1,Q8WXH0,L6876A,Q9UH99-2,4dxrB,B,1,1,1,1,[0.41 0.59],[0.41 0.59],[0.21310247 0.78689753]
1,Q8WXH0,L6876A,Q9UH99-3,4dxrB,B,1,0,0,1,[0.55 0.45],[0.53 0.47],[0.47129819 0.52870181]
0,P63272,L10V,O00267,3h7hA,A,0,0,0,0,[0.6 0.4],[0.54 0.46],[0.7020604 0.2979396]
0,P63272,L10V,O00267-2,3h7hA,A,0,0,0,0,[0.6 0.4],[0.54 0.46],[0.7020604 0.2979396]
1,O15085,I876M,P61586,3qbvD,D,1,1,0,0,[0.46 0.54],[0.66 0.34],[0.59647191 0.40352809]
1,P63279,V25M,P63165,2uyzA,A,1,1,0,1,[0.43 0.57],[0.5 0.5],[0.4698955 0.5301045]
1,P63279,V25M,P63165-2,2uyzA,A,1,1,1,1,[0.43 0.57],[0.45 0.55],[0.39478757 0.60521243]
0,Q8WXD5,V57L,Q9H840,1y96A,A,0,0,0,0,[0.82 0.18],[0.93 0.07],[0.90012408 0.09987592]
1,Q96AX1,I441K,Q9H269,4bx9A,A,1,1,1,1,[0.2 0.8],[0.29 0.71],[0.3526205 0.6473795]
1,Q96AX1,I441K,Q9H269-2,4bx9A,A,1,1,1,1,[0.2 0.8],[0.29 0.71],[0.3526205 0.6473795]
1,Q13241,F114A,P17693,1p1zD,D,1,1,1,1,[0.47 0.53],[0.49 0.51],[0.46383823 0.53616177]
1,P01903,G53H,P01911,4i5bD,D,1,1,1,1,[0.4 0.6],[0.11 0.89],[0.1256274 0.8743726]
0,P26715,K217A,P13747,1p4lD,D,0,1,1,1,[0.48 0.52],[0.48 0.52],[0.46760352 0.53239648]
1,Q92730,E48A,O43157,3su8A,A,1,1,1,1,[0.17 0.83],[0.36 0.64],[0.44546748 0.55453252]
1,Q92730,E48A,O43157-2,3su8A,A,1,1,1,1,[0.27 0.73],[0.36 0.64],[0.41825253 0.58174747]
1,Q9BV36,R35W,P51159-2,2zetD,D,1,1,1,1,[0.2 0.8],[0.24 0.76],[0.38729987 0.61270013]
1,Q9BV36,R35W,P51159,2zetC,C,1,1,1,1,[0.07 0.93],[0.15 0.85],[0.20922347 0.79077653]
1,Q9Y4K3,I72K,P61088,3hctA,A,1,1,1,1,[0.06 0.94],[0.06 0.94],[0.02619043 0.97380957]
1,Q99814,M338E,P27540,3f1pA,A,1,1,1,1,[0.03 0.97],[0.08 0.92],[0.08932286 0.91067714]
1,Q99814,M338E,P27540-2,3f1pA,A,1,1,1,1,[0.03 0.97],[0.08 0.92],[0.08932286 0.91067714]
1,Q99814,M338E,P27540-3,3f1pA,A,1,1,1,1,[0.03 0.97],[0.08 0.92],[0.08932286 0.91067714]
0,P11362,P252R,P10767,1cvsD,D,0,1,1,1,[0.34 0.66],[0.32 0.68],[0.44301439 0.55698561]
1,Q9UJM3,F352A,P00533,4i21C,C,1,1,1,1,[0.27 0.73],[0.1 0.9],[0.13446207 0.86553793]
1,P62805,R36A,Q71DI3,1kx5B,B,1,1,1,1,[0.4 0.6],[0.14 0.86],[0.18258827 0.81741173]
0,P46734,T222E,Q9Y463,3anqD,D,0,1,1,1,[0.32 0.68],[0.26 0.74],[0.23993658 0.76006342]
0,P46734,T222E,Q9Y463-2,3anqD,D,0,1,1,1,[0.38 0.62],[0.24 0.76],[0.26185878 0.73814122]
0,P46734,T222E,Q9Y463-3,3anqD,D,0,1,1,1,[0.38 0.62],[0.34 0.66],[0.3265808 0.6734192]
0,P01270,K58L,Q03431,3c4mD,D,0,1,1,1,[0.28 0.72],[0.27 0.73],[0.32864677 0.67135323]
0,Q9H840,R68C,Q8WXD5,1y96B,B,0,1,1,1,[0.16 0.84],[0.04 0.96],[0.0751268 0.9248732]
1,Q99728,V695L,P38398,2nteA,A,1,0,0,0,[0.59 0.41],[0.79 0.21],[0.72 0.28]
1,P54198,L464D,Q9Y294,2i32F,F,1,1,1,1,[0.44 0.56],[0.39 0.61],[0.28537269 0.71462731]
1,Q9Y570,H349A,P67775,3c5wP,P,1,1,1,1,[0.25 0.75],[0.32 0.68],[0.07867622 0.92132378]
1,Q9BV40,L44P,O15400,1gl2A,A,1,1,1,1,[0.06 0.94],[0.02 0.98],[0.00486328 0.99513672]
1,Q9BV40,L44P,O15400-2,1gl2A,A,1,1,1,1,[0.09 0.91],[0.06 0.94],[0.05903886 0.94096114]
0,O00311,Q106R,Q9UBU7,4f9aC,C,0,0,0,0,[0.58 0.42],[0.58 0.42],[0.62089424 0.37910576]
1,Q9HAU5,F1113E,Q92900,2wjvE,E,1,1,1,1,[0.24 0.76],[0.3 0.7],[0.30443188 0.69556812]
1,Q9HAU5,F1113E,Q92900-2,2wjvE,E,1,1,1,1,[0.35 0.65],[0.31 0.69],[0.31987534 0.68012466]
1,Q15836,T18P,Q9UNK0,1gl2A,A,1,1,1,1,[0.12 0.88],[0. 1.],[0.00743393 0.99256607]
1,P01100,K176N,P05412,1fosG,G,1,1,0,0,[0.21 0.79],[0.68 0.32],[0.57439816 0.42560184]
1,Q16531,R589E,Q13619,2hyeA,A,1,1,1,1,[0.22 0.78],[0.17 0.83],[0.12385062 0.87614938]
1,Q71DI3,R64A,P62805,1kx5A,A,1,1,1,1,[0.15 0.85],[0.06 0.94],[0.06091049 0.93908951]
0,Q9UBU7,L306I,O00311,4f9aD,D,0,0,0,0,[0.81 0.19],[0.76 0.24],[0.83318961 0.16681039]
0,Q13241,T146A,P17693,1p1zD,D,0,0,0,0,[0.66 0.34],[0.8 0.2],[0.89681815 0.10318185]
0,P61587,F124Y,O43157-2,3su8A,A,0,0,0,0,[0.59 0.41],[0.9 0.1],[0.90896641 0.09103359]
0,P61587,F124Y,O43157,3su8A,A,0,0,0,0,[0.62 0.38],[0.89 0.11],[0.94896641 0.05103359]
1,Q15836,L53P,O15400,3hd7E,E,1,1,0,0,[0.37 0.63],[0.63 0.37],[0.535 0.465]
1,Q15836,L53P,O15400-2,1sfcI,I,1,1,0,0,[0.44 0.56],[0.53 0.47],[0.50287664 0.49712336]
1,Q53EL6,E249A,P60842-2,3eiqC,C,1,1,1,0,[0.34 0.66],[0.38 0.62],[0.543154 0.456846]
1,Q9HAU5,L1174E,Q92900,2wjvE,E,1,1,1,1,[0.26 0.74],[0.41 0.59],[0.37203638 0.62796362]
1,Q9HAU5,L1174E,Q92900-2,2wjvE,E,1,1,1,1,[0.33 0.67],[0.28 0.72],[0.25518472 0.74481528]
1,P51809,L136P,O43752,2npsA,A,1,1,1,1,[0.06 0.94],[0.15 0.85],[0.11835678 0.88164322]
1,O14965,G198A,Q9NQS7,4af3A,A,1,1,1,1,[0.27 0.73],[0.09 0.91],[0.13912148 0.86087852]
1,O14965,G198A,Q9NQS7-2,4af3A,A,1,1,1,1,[0.21 0.79],[0.11 0.89],[0.12969099 0.87030901]
1,Q9HCG8,K172A,P38919,4c9bB,B,1,1,1,1,[0.18 0.82],[0.27 0.73],[0.12769956 0.87230044]
1,Q9Y376,V224E,Q9P289,2wtkD,D,1,1,1,1,[0.28 0.72],[0.23 0.77],[0.36195465 0.63804535]
1,Q9Y376,V224E,Q9P289-2,2wtkD,D,1,1,1,1,[0.17 0.83],[0.14 0.86],[0.22102531 0.77897469]
1,Q9Y376,V224E,Q9P289-3,3gniA,A,1,1,1,1,[0.33 0.67],[0.41 0.59],[0.46532647 0.53467353]
1,P01112,Y40C,P04049,4g0nA,A,1,1,1,1,[0.04 0.96],[0.02 0.98],[0.00399399 0.99600601]
1,P01112,Y40C,P04049-2,4g0nA,A,1,1,1,1,[0.07 0.93],[0.12 0.88],[0.0639986 0.9360014]
1,O14980,L525A,O95149,3nc0D,D,1,1,1,1,[0.15 0.85],[0.33 0.67],[0.36514192 0.63485808]
1,Q96B26,D202V,Q9NQT4,2nn6C,C,1,1,1,1,[0.4 0.6],[0.18 0.82],[0.19563062 0.80436938]
1,O14796,R31K,Q9UN19-2,1d1zD,D,1,1,0,1,[0.44 0.56],[0.5 0.5],[0.44108523 0.55891477]
0,P63272,S65N,O00267,3h7hA,A,0,0,0,0,[0.76 0.24],[0.8 0.2],[0.71014468 0.28985532]
0,P63272,S65N,O00267-2,3h7hA,A,0,0,0,0,[0.76 0.24],[0.8 0.2],[0.71014468 0.28985532]
0,Q13241,N148A,P17693,1p1zD,D,0,0,0,0,[0.5 0.5],[0.54 0.46],[0.55747552 0.44252448]
1,Q9H4D5,R409W,Q9UKK6,1jkgB,B,1,1,1,1,[0.22 0.78],[0.3 0.7],[0.36450483 0.63549517]
1,O14980,I521A,O95149,3nc0D,D,1,1,1,1,[0.16 0.84],[0.14 0.86],[0.17810946 0.82189054]
0,P35908,L484P,P13646,3tnuB,B,0,0,1,1,[0.75 0.25],[0.22 0.78],[0.29531733 0.70468267]
1,O43809,Y158A,Q16630-3,3q2sB,B,1,1,1,1,[0.11 0.89],[0.22 0.78],[0.20984038 0.79015962]
1,O43809,Y158A,Q16630,3p5tC,C,1,1,1,1,[0.12 0.88],[0.15 0.85],[0.04247394 0.95752606]
1,O43809,Y158A,Q16630-2,3p5tC,C,1,1,1,1,[0.12 0.88],[0.15 0.85],[0.04247394 0.95752606]
0,P63000,G12V,P52757-5,2ngrA,A,0,1,1,1,[0.17 0.83],[0.13 0.87],[0.15928648 0.84071352]
0,P63000,G12V,P52757-6,2ngrA,A,0,1,1,1,[0.31 0.69],[0.26 0.74],[0.20218883 0.79781117]
0,P63000,G12V,P52757-7,2ngrA,A,0,1,1,1,[0.31 0.69],[0.26 0.74],[0.20218883 0.79781117]
0,P63000,G12V,P52757-9,2ngrA,A,0,1,1,1,[0.23 0.77],[0.15 0.85],[0.28533127 0.71466873]
0,P35908,L484P,P08727,3tnuB,B,0,0,1,1,[0.74 0.26],[0.25 0.75],[0.27672681 0.72327319]
1,Q07812,M74D,Q92843,2y6wA,A,1,1,1,1,[0.37 0.63],[0.32 0.68],[0.29672458 0.70327542]
1,Q07812,M74D,Q92843-2,2y6wA,A,1,1,1,1,[0.25 0.75],[0.29 0.71],[0.22535251 0.77464749]
0,P68431,S88A,Q9UER7,4h9nA,A,0,1,0,1,[0.41 0.59],[0.64 0.36],[0.37050611 0.62949389]
1,P61326,K41D,P38919,2j0sC,C,1,1,1,1,[0.1 0.9],[0.11 0.89],[0.12726305 0.87273695]
0,Q13241,N148A,P13747,1p1zD,D,0,0,1,1,[0.56 0.44],[0.4 0.6],[0.35940918 0.64059082]
0,P12272,I67A,Q03431,3h3gB,B,0,1,1,1,[0.38 0.62],[0.43 0.57],[0.41342465 0.58657535]
1,P40337,C162F,Q15369-2,4ajyV,V,1,1,1,1,[0.07 0.93],[0.06 0.94],[0.13461304 0.86538696]
1,P40337,C162F,Q15369,4ajyV,V,1,1,1,1,[0.04 0.96],[0.03 0.97],[0.06043896 0.93956104]
1,O95149,Y147A,O14980,3nc0E,E,1,1,1,1,[0.21 0.79],[0.31 0.69],[0.23527899 0.76472101]
1,Q9NPD8,R60E,Q9NW38,4ccgA,A,1,1,1,1,[0.14 0.86],[0.05 0.95],[0.08285897 0.91714103]
1,Q9NPD8,R60E,Q9NW38-2,4ccgA,A,1,1,1,1,[0.14 0.86],[0.05 0.95],[0.08285897 0.91714103]
0,P42771,M53I,Q00534,1bi7B,B,0,1,0,0,[0.44 0.56],[0.8 0.2],[0.78515717 0.21484283]
1,Q9Y2M5,C146A,Q13618-2,4hxiA,A,1,1,1,1,[0.29 0.71],[0.16 0.84],[0.22455291 0.77544709]
1,Q9Y2M5,C146A,Q13618-3,4hxiA,A,1,1,1,1,[0.41 0.59],[0.24 0.76],[0.23017958 0.76982042]
1,Q9Y2M5,C146A,Q13618,4hxiA,A,1,1,1,1,[0.4 0.6],[0.19 0.81],[0.16794783 0.83205217]
0,P35908,L484P,P19012,3tnuB,B,0,0,1,1,[0.75 0.25],[0.25 0.75],[0.25497565 0.74502435]
1,Q9UBQ0,R104D,Q96QK1,2r17A,A,1,1,1,1,[0.11 0.89],[0.03 0.97],[0.04072894 0.95927106]
1,Q9Y376,M260A,Q7RTN6,2wtkD,D,1,1,1,1,[0.12 0.88],[0.19 0.81],[0.21511815 0.78488185]
1,Q07820,L213A,Q07812,4bd8A,A,1,1,1,1,[0.47 0.53],[0.4 0.6],[0.30948407 0.69051593]
1,Q07820,L213A,Q07812-2,4bd8A,A,1,1,1,1,[0.49 0.51],[0.4 0.6],[0.27944386 0.72055614]
1,Q07820,L213A,Q07812-7,4bd7A,A,1,1,1,1,[0.4 0.6],[0.39 0.61],[0.29264872 0.70735128]
1,Q07820,L213A,Q07812-8,4bd8A,A,1,1,1,1,[0.46 0.54],[0.39 0.61],[0.28346218 0.71653782]
1,P11802,R24C,P42773,1blxA,A,1,1,1,1,[0.23 0.77],[0.14 0.86],[0.2490464 0.7509536]
1,P61326,E20R,P38919,2j0sC,C,1,1,1,1,[0.32 0.68],[0.02 0.98],[0.19582237 0.80417763]
1,P15056,M517W,P04049,4h58C,C,1,1,1,1,[0.4 0.6],[0.17 0.83],[0.27884365 0.72115635]
1,P15056,M517W,P04049-2,4h58C,C,1,1,1,1,[0.4 0.6],[0.17 0.83],[0.27884365 0.72115635]
1,P56945,D797R,Q8N5H7-4,3t6gB,B,1,1,1,1,[0.28 0.72],[0.21 0.79],[0.24924553 0.75075447]
1,Q9BV40,V20P,O43752,2npsA,A,1,1,1,1,[0.09 0.91],[0.05 0.95],[0.01006644 0.98993356]
1,P16144,R1225H,Q15149,3f7pC,C,1,1,0,1,[0.42 0.58],[0.6 0.4],[0.48423114 0.51576886]
1,P16144,R1225H,Q15149-2,3f7pC,C,1,1,1,1,[0.37 0.63],[0.38 0.62],[0.41677738 0.58322262]
1,P16144,R1225H,Q15149-4,3f7pC,C,1,1,1,1,[0.37 0.63],[0.38 0.62],[0.41677738 0.58322262]
1,P16144,R1225H,Q15149-5,3f7pC,C,1,1,1,1,[0.37 0.63],[0.38 0.62],[0.41677738 0.58322262]
1,P16144,R1225H,Q15149-6,3f7pC,C,1,1,1,1,[0.24 0.76],[0.45 0.55],[0.43292771 0.56707229]
1,P16144,R1225H,Q15149-7,3f7pC,C,1,1,1,1,[0.24 0.76],[0.45 0.55],[0.43292771 0.56707229]
1,P16144,R1225H,Q15149-8,3f7pC,C,1,1,1,1,[0.37 0.63],[0.38 0.62],[0.41677738 0.58322262]
1,P16144,R1225H,Q15149-9,3f7pC,C,1,1,0,1,[0.42 0.58],[0.6 0.4],[0.48423114 0.51576886]
1,P48059,F42A,Q13418,4hi8B,B,1,1,1,1,[0.16 0.84],[0.15 0.85],[0.16992096 0.83007904]
1,P84077,H80D,Q10567-2,4hmyC,C,1,1,1,1,[0.17 0.83],[0.15 0.85],[0.16371462 0.83628538]
1,P84077,H80D,Q10567-3,4hmyC,C,1,1,1,1,[0.17 0.83],[0.15 0.85],[0.16371462 0.83628538]
1,P84077,H80D,Q10567-4,4hmyC,C,1,1,1,1,[0.17 0.83],[0.15 0.85],[0.16371462 0.83628538]
1,P84077,H80D,Q10567,4hmyC,C,1,1,1,1,[0.22 0.78],[0.28 0.72],[0.16440133 0.83559867]
0,P01133,K998R,P00533-3,1nqlB,B,0,0,0,0,[0.55 0.45],[0.88 0.12],[0.88520769 0.11479231]
0,P01133,K998R,P00533-3,3ltfD,D,0,0,0,0,[0.55 0.45],[0.8 0.2],[0.77980769 0.22019231]
1,Q16665,Q320E,P27540,4h6jA,A,1,1,1,0,[0.3 0.7],[0.4 0.6],[0.5931736 0.4068264]
1,Q16665,Q320E,P27540-2,4h6jA,A,1,1,1,0,[0.18 0.82],[0.38 0.62],[0.505914 0.494086]
1,Q16665,Q320E,P27540-3,4h6jA,A,1,1,1,0,[0.18 0.82],[0.38 0.62],[0.505914 0.494086]
1,O43521-3,G66A,Q07817-3,3fdlB,B,1,0,0,0,[0.61 0.39],[0.73 0.27],[0.73829721 0.26170279]
1,O43521-3,G66A,Q07817,3fdlB,B,1,0,0,0,[0.5 0.5],[0.59 0.41],[0.58324867 0.41675133]
1,Q9Y3B2,P10L,Q9NQT4,2nn6I,I,1,1,1,1,[0.38 0.62],[0.21 0.79],[0.26432569 0.73567431]
1,P84243,S58A,P62805,1kx5E,E,1,0,1,1,[0.5 0.5],[0.12 0.88],[0.2221917 0.7778083]
1,O95149,L8A,O14980,3nc0E,E,1,1,1,1,[0.41 0.59],[0.39 0.61],[0.44143891 0.55856109]
0,P01903,F49S,P02686,1fv1D,D,0,1,1,1,[0.19 0.81],[0.32 0.68],[0.22076677 0.77923323]
0,P01903,F49S,P02686-3,1fv1D,D,0,1,1,1,[0.19 0.81],[0.32 0.68],[0.22076677 0.77923323]
0,P01903,F49S,P02686-4,1fv1D,D,0,1,1,1,[0.16 0.84],[0.32 0.68],[0.22076677 0.77923323]
0,P01903,F49S,P02686-5,1fv1D,D,0,1,1,1,[0.19 0.81],[0.32 0.68],[0.22076677 0.77923323]
0,P01903,F49S,P02686-6,1fv1D,D,0,1,1,1,[0.19 0.81],[0.32 0.68],[0.22076677 0.77923323]
0,P01270,V62A,Q03431,3c4mD,D,0,1,1,1,[0.13 0.87],[0.18 0.82],[0.20596528 0.79403472]
1,Q92900,V205I,Q9HAU5,2wjvB,B,1,0,0,0,[0.57 0.43],[0.85 0.15],[0.96 0.04]
1,Q9BV40,L51P,O43752,2npsA,A,1,1,1,1,[0.07 0.93],[0.02 0.98],[0.02284262 0.97715738]
1,Q14457,L116A,Q07817-3,2ponA,A,1,1,1,1,[0.23 0.77],[0. 1.],[0.05983218 0.94016782]
1,Q14457,L116A,Q07817,2ponA,A,1,1,1,1,[0.44 0.56],[0.26 0.74],[0.30659953 0.69340047]
1,Q12918,E200A,Q9UHP7,4iopB,B,1,1,1,1,[0.37 0.63],[0.15 0.85],[0.1689891 0.8310109]
1,Q12918,E200A,Q9UHP7-2,4iopB,B,1,1,1,1,[0.16 0.84],[0.09 0.91],[0.12283851 0.87716149]
1,Q12918,E200A,Q9UHP7-3,4iopB,B,1,1,1,1,[0.13 0.87],[0.08 0.92],[0.07487189 0.92512811]
1,Q12918,E200A,Q9UHP7-6,4iopB,B,1,1,1,1,[0.2 0.8],[0.16 0.84],[0.29253136 0.70746864]
1,P84243,C111E,Q9NVP2,4eo5B,B,1,1,1,1,[0.16 0.84],[0.35 0.65],[0.35402707 0.64597293]
1,P01116,E37G,P50749,3ddcA,A,1,1,1,1,[0.48 0.52],[0.24 0.76],[0.36271571 0.63728429]
1,Q96I25,R375D,P26368,3v4mB,B,1,1,1,1,[0.23 0.77],[0.08 0.92],[0.04251172 0.95748828]
1,Q96I25,R375D,P26368-2,3v4mB,B,1,1,1,1,[0.23 0.77],[0.08 0.92],[0.04251172 0.95748828]
1,Q9Y570,S156T,P67775,3c5wP,P,1,1,1,1,[0.43 0.57],[0.23 0.77],[0.2276588 0.7723412]
1,Q9Y570,S156T,P67775-2,3c5wP,P,1,1,1,1,[0.28 0.72],[0.36 0.64],[0.35290186 0.64709814]
1,Q9UH99,H628A,Q8WXH0-3,4dxrA,A,1,1,1,1,[0.25 0.75],[0.16 0.84],[0.12961712 0.87038288]
1,Q9UH99,H628A,Q8WXH0-4,4dxrA,A,1,1,1,1,[0.25 0.75],[0.16 0.84],[0.12961712 0.87038288]
1,Q9UH99,H628A,Q8WXH0-7,4dxrA,A,1,1,1,1,[0.25 0.75],[0.16 0.84],[0.12961712 0.87038288]
1,Q9UH99,H628A,Q8WXH0,4dxrA,A,1,1,1,1,[0.31 0.69],[0.15 0.85],[0.15637195 0.84362805]
1,Q9UH99,H628A,Q8WXH0-2,4dxrA,A,1,1,1,1,[0.32 0.68],[0.18 0.82],[0.22961712 0.77038288]
1,Q9UH99,H628A,Q8WXH0-5,4dxrA,A,1,1,1,1,[0.31 0.69],[0.15 0.85],[0.15637195 0.84362805]
1,Q9UH99,H628A,Q8WXH0-6,4dxrA,A,1,1,1,1,[0.31 0.69],[0.15 0.85],[0.15637195 0.84362805]
1,Q13241,D163A,P17693,1p1zD,D,1,0,1,1,[0.57 0.43],[0.38 0.62],[0.451624 0.548376]
1,Q8IWE4,D241A,Q13618,3tduA,A,1,1,1,1,[0.18 0.82],[0.09 0.91],[0.11255685 0.88744315]
0,P42771,M53I,P11802,1bi7B,B,0,1,1,0,[0.45 0.55],[0.47 0.53],[0.54469545 0.45530455]
1,Q9BV36,R35K,P51159-2,2zetD,D,1,0,0,0,[0.75 0.25],[0.85 0.15],[0.95514332 0.04485668]
1,Q9BV36,R35K,P51159,2zetC,C,1,0,0,0,[0.6 0.4],[0.78 0.22],[0.82907104 0.17092896]
0,P84022,T330A,O95405,1devA,A,0,1,1,1,[0.31 0.69],[0.42 0.58],[0.33841044 0.66158956]
1,Q9UBU9,H457A,Q9UKK6,1jkgB,B,1,1,1,1,[0.23 0.77],[0.28 0.72],[0.31342112 0.68657888]
0,P26715,Q220A,P13747,1p4lD,D,0,0,0,0,[0.69 0.31],[0.68 0.32],[0.60957363 0.39042637]
1,O14788,R223A,Q9Y6Q6,3qbqA,A,1,1,1,1,[0.13 0.87],[0.1 0.9],[0.20007217 0.79992783]
1,O14788,R223A,Q9Y6Q6-2,3qbqA,A,1,1,1,1,[0.13 0.87],[0.1 0.9],[0.20007217 0.79992783]
1,Q9H4D5,R409W,Q9NPJ8-2,1jkgB,B,1,1,1,1,[0.21 0.79],[0.32 0.68],[0.33128627 0.66871373]
1,Q9H4D5,R409W,Q9NPJ8,1jkgB,B,1,1,1,1,[0.2 0.8],[0.38 0.62],[0.36935155 0.63064845]
1,Q9H4D5,R409W,Q9NPJ8-3,1jkgB,B,1,1,1,1,[0.24 0.76],[0.29 0.71],[0.33028496 0.66971504]
0,P01133,K998S,P00533-3,1nqlB,B,0,1,1,1,[0.38 0.62],[0.38 0.62],[0.34543052 0.65456948]
0,P01133,K998S,P00533-3,3ltfD,D,0,0,0,0,[0.54 0.46],[0.81 0.19],[0.76641522 0.23358478]
1,P84243,G91L,Q9UER7,4hgaB,B,1,0,0,1,[0.5 0.5],[0.58 0.42],[0.24699042 0.75300958]
1,P84243,G91L,Q9UER7-3,4hgaB,B,1,0,0,1,[0.5 0.5],[0.58 0.42],[0.24699042 0.75300958]
1,Q9UBQ0,Y139A,Q96QK1,2r17A,A,1,1,1,1,[0.05 0.95],[0. 1.],[0.01158662 0.98841338]
1,P54198,I461D,Q9Y294,2i32F,F,1,1,1,1,[0.11 0.89],[0.05 0.95],[0.04105175 0.95894825]
1,P56945,F794E,Q8N5H7,3t6gB,B,1,1,1,1,[0.28 0.72],[0.32 0.68],[0.34322523 0.65677477]
1,P56945,F794E,Q8N5H7-3,3t6gB,B,1,1,1,1,[0.3 0.7],[0.23 0.77],[0.26073813 0.73926187]
1,P56945,F794E,Q8N5H7-5,3t6gB,B,1,1,1,1,[0.3 0.7],[0.23 0.77],[0.26073813 0.73926187]
1,P56945,F794E,Q8N5H7-2,3t6gB,B,1,1,1,1,[0.35 0.65],[0.19 0.81],[0.19999215 0.80000785]
1,P56945,F794E,Q8N5H7-4,3t6gB,B,1,1,1,1,[0.16 0.84],[0.15 0.85],[0.14702983 0.85297017]
1,P56945,F794E,Q8N5H7-6,3t6gB,B,1,1,1,1,[0.35 0.65],[0.19 0.81],[0.19999215 0.80000785]
0,P01133,M991S,P00533-3,1nqlB,B,0,1,1,1,[0.21 0.79],[0.35 0.65],[0.31577555 0.68422445]
0,Q13241,N158A,P17693,1p1zD,D,0,0,0,0,[0.65 0.35],[0.6 0.4],[0.5742081 0.4257919]
1,Q9Y4K3,I72D,P61088,3hctA,A,1,1,1,1,[0.04 0.96],[0.06 0.94],[0.02037786 0.97962214]
1,Q96MG7,L97A,Q8WV22,3nw0B,B,1,1,1,1,[0.42 0.58],[0.46 0.54],[0.45388734 0.54611266]
1,Q15836,V25P,Q9UNK0,1gl2A,A,1,1,1,1,[0.1 0.9],[0.18 0.82],[0.19941065 0.80058935]
1,Q0P5N6,G66D,O43924,1kshA,A,1,1,1,1,[0.21 0.79],[0.02 0.98],[0.07375473 0.92624527]
1,P55957,G94A,Q07817,1zy3B,B,1,1,1,1,[0.38 0.62],[0.32 0.68],[0.30317074 0.69682926]
0,Q7Z3B4,R385K,P37198,3t97B,B,0,1,1,1,[0.33 0.67],[0.39 0.61],[0.28 0.72]
0,P19429,R145Q,P02585,1j1eF,F,0,0,1,0,[0.5 0.5],[0.46 0.54],[0.50323255 0.49676745]
0,P19429,R145Q,P02585,1j1eF,F,0,0,1,0,[0.52 0.48],[0.48 0.52],[0.51711262 0.48288738]
1,Q13241,L162A,P13747,1p1zD,D,1,0,0,0,[0.67 0.33],[0.51 0.49],[0.54228585 0.45771415]
1,P42771,R24P,P11802,1bi7B,B,1,1,1,1,[0.36 0.64],[0.34 0.66],[0.37905851 0.62094149]
1,Q92900,Y184D,Q9HAU5,2wjvB,B,1,1,1,1,[0.32 0.68],[0.19 0.81],[0.34 0.66]
1,Q9UBQ0,P92A,Q96QK1,2r17A,A,1,1,1,1,[0.08 0.92],[0.04 0.96],[0.05383579 0.94616421]
1,P51809,L136P,O15400,1gl2A,A,1,1,1,1,[0.14 0.86],[0.08 0.92],[0.05157392 0.94842608]
1,P51809,L136P,O15400-2,1gl2A,A,1,1,1,1,[0.18 0.82],[0.08 0.92],[0.05157392 0.94842608]
1,Q15836,T18P,O43752,2npsA,A,1,1,1,1,[0.24 0.76],[0.21 0.79],[0.18671787 0.81328213]
0,P21860,G284R,P04626,3u7uA,A,0,0,0,0,[0.53 0.47],[0.56 0.44],[0.56286001 0.43713999]
0,P21860,G284R,P04626-4,3u7uA,A,0,0,0,0,[0.61 0.39],[0.5 0.5],[0.54173256 0.45826744]
0,P63279,C93A,Q9UBT2,4ii2C,C,0,1,1,1,[0.44 0.56],[0.22 0.78],[0.23621199 0.76378801]
1,Q99728,L44P,P38398,1jm7B,B,1,1,1,1,[0.07 0.93],[0.14 0.86],[0.15338979 0.84661021]
1,P38919,D154K,O15234,3ex7C,C,1,0,1,1,[0.52 0.48],[0.34 0.66],[0.42243843 0.57756157]
1,Q16531,I587D,Q13619,2hyeA,A,1,1,1,1,[0.33 0.67],[0.25 0.75],[0.17230147 0.82769853]
1,Q9Y4K3,D57K,P61088,3hctA,A,1,1,1,1,[0.16 0.84],[0.19 0.81],[0.12696471 0.87303529]
1,P84243,G91L,P62805,1kx5E,E,1,0,0,1,[0.58 0.42],[0.56 0.44],[0.40855917 0.59144083]
1,Q9BV40,V20P,Q9UNK0,1gl2A,A,1,1,1,1,[0.1 0.9],[0.04 0.96],[0.04227065 0.95772935]
1,Q8IWE4,A265R,Q13618-2,3tduA,A,1,1,1,1,[0.21 0.79],[0.21 0.79],[0.23559141 0.76440859]
1,Q8IWE4,A265R,Q13618-3,3tduA,A,1,1,1,1,[0.21 0.79],[0.21 0.79],[0.23559141 0.76440859]
1,Q8IWE4,A265R,Q13618,3tduA,A,1,1,1,1,[0.24 0.76],[0.15 0.85],[0.22920104 0.77079896]
1,O43521-3,G66E,Q07817-3,3fdlB,B,1,1,1,1,[0.22 0.78],[0.05 0.95],[0.08317077 0.91682923]
1,O43521-3,G66E,Q07817,3fdlB,B,1,1,1,1,[0.28 0.72],[0.14 0.86],[0.07340858 0.92659142]
1,P23297,F16A,P25815,2y5iA,A,1,1,1,1,[0.1 0.9],[0.09 0.91],[0.10653166 0.89346834]
1,P51587,V1532F,Q06609-2,1n0wB,B,1,1,1,0,[0.36 0.64],[0.43 0.57],[0.51872689 0.48127311]
1,P51587,V1532F,Q06609-3,1n0wB,B,1,1,1,1,[0.26 0.74],[0.26 0.74],[0.37656197 0.62343803]
1,P51587,V1532F,Q06609,1n0wB,B,1,1,1,1,[0.34 0.66],[0.36 0.64],[0.48303983 0.51696017]
1,P51587,V1532F,Q06609-4,1n0wB,B,1,1,1,1,[0.37 0.63],[0.39 0.61],[0.48477786 0.51522214]
1,P30622-2,K252A,Q15691,1txqA,A,1,1,1,1,[0.47 0.53],[0.35 0.65],[0.41378013 0.58621987]
1,O43521-3,G66E,P10415,1pq1B,B,1,1,1,1,[0.22 0.78],[0.1 0.9],[0.03356427 0.96643573]
1,O43521-3,G66E,P10415-2,3fdlB,B,1,1,1,1,[0.21 0.79],[0.05 0.95],[0.03541922 0.96458078]
0,P35908,L484P,O76015,3tnuB,B,0,0,1,1,[0.68 0.32],[0.06 0.94],[0.24150253 0.75849747]
1,P84243,Q94A,Q9UER7,4hgaB,B,1,1,1,1,[0.48 0.52],[0.16 0.84],[0.13237586 0.86762414]
1,P84243,Q94A,Q9UER7-3,4hgaB,B,1,1,1,1,[0.47 0.53],[0.16 0.84],[0.13237586 0.86762414]
1,Q96QK1,L589D,Q9UBQ0,2r17C,C,1,1,1,1,[0.06 0.94],[0.07 0.93],[0.15107901 0.84892099]
1,Q96QK1,L589D,Q9UBQ0-2,2r17C,C,1,1,1,1,[0.06 0.94],[0.07 0.93],[0.15107901 0.84892099]
1,P23297,F72L,P25815,2y5iA,A,1,1,1,1,[0.08 0.92],[0.22 0.78],[0.22585215 0.77414785]
1,Q15836,L46P,O43752,2npsA,A,1,1,1,1,[0.17 0.83],[0.12 0.88],[0.13927656 0.86072344]
