Mutation_Effect_Label,UniProt_ID,Mutation,Interactor_UniProt_ID,Template_cath_id,Chain_id,Actual,Prediction_default,Prediction_FS,Prediction_FS_HP
1,Q9BPZ3,F118A,P11940,1jgnB,B,1,0,0,1
1,P01116,Y40C,P50749,3ddcA,A,1,1,1,1
1,Q96QK1,F534D,Q9UBQ0,2r17C,C,1,1,1,1
1,Q96QK1,F534D,Q9UBQ0-2,2r17C,C,1,1,1,1
1,O43521-3,G66A,Q07812,3fdlB,B,1,0,0,0
1,O43521-3,G66A,Q07812-2,3fdlB,B,1,1,0,0
1,O43521-3,G66A,Q07812-4,2nl9B,B,1,1,1,1
1,O43521-3,G66A,Q07812-5,2nl9B,B,1,1,1,1
1,O43521-3,G66A,Q07812-6,2nl9B,B,1,1,0,1
1,O43521-3,G66A,Q07812-7,3fdlB,B,1,0,0,0
1,O43521-3,G66A,Q07812-8,3fdlB,B,1,1,0,0
0,Q13418,Q362H,Q9NVD7,3repA,A,0,1,0,0
1,Q9BV40,L51P,Q9UNK0,1gl2A,A,1,1,1,1
0,P11802,R24C,P42772,1bi7A,A,0,1,1,1
1,Q9HAU5,M1173E,Q92900,2wjvE,E,1,1,1,1
1,Q9HAU5,M1173E,Q92900-2,2wjvE,E,1,1,1,1
0,Q969J2,G79R,Q96IT1,3lhrB,B,0,1,1,1
1,Q9UH99,S641E,Q8WXH0-3,4dxrA,A,1,1,1,1
1,Q9UH99,S641E,Q8WXH0-4,4dxrA,A,1,1,1,1
1,Q9UH99,S641E,Q8WXH0-7,4dxrA,A,1,1,1,1
1,Q9UH99,S641E,Q8WXH0,4dxrA,A,1,1,1,1
1,Q9UH99,S641E,Q8WXH0-2,4dxrA,A,1,1,1,1
1,Q9UH99,S641E,Q8WXH0-5,4dxrA,A,1,1,1,1
1,Q9UH99,S641E,Q8WXH0-6,4dxrA,A,1,1,1,1
1,Q9Y4K3,L74E,P61088,3hctA,A,1,1,1,1
1,P62805,R37A,Q71DI3,1kx5B,B,1,1,1,1
1,P38919,R206E,O15234,3ex7C,C,1,0,1,1
1,Q15013,Q83A,Q13257,2qyfB,B,1,1,1,1
1,Q13241,F114A,P13747,1p1zD,D,1,0,1,1
1,P01112,E37G,P04049,4g0nA,A,1,1,1,1
1,P01112,E37G,P04049-2,4g0nA,A,1,1,1,1
1,Q53EL6,D414A,P60842,2zu6B,B,1,1,1,1
1,Q99558,K430A,O14920-3,4idtB,B,1,1,0,0
0,P42773,T69A,Q00534,1blxB,B,0,0,0,0
1,O43521-3,G66A,Q92843,3fdlB,B,1,1,0,0
1,O43521-3,G66A,Q92843-2,3fdlB,B,1,1,1,1
0,Q13794,F32I,Q07817,3mqpB,B,0,0,0,0
1,Q96F10,R126C,P21673,2b4dB,B,1,1,1,1
0,P61587,Y60A,O43157,3su8A,A,0,1,1,1
0,Q15019,H270D,Q14141-2,2qagA,A,0,1,1,1
0,Q15019,H270D,Q14141-3,2qagA,A,0,1,1,1
0,Q15019,H270D,Q14141-4,2qagA,A,0,1,1,1
1,P04049,R89L,P15056,3ny5D,D,1,1,1,1
0,P50616,Y50N,Q9UIV1,2d5rB,B,0,1,1,1
0,P50616,Y50N,Q9UIV1-2,2d5rB,B,0,1,1,1
1,P25815,F74V,P23297,2y5iB,B,1,1,1,1
1,P25815,I11A,P23297,2y5iB,B,1,1,1,1
0,P60891,N114S,P11908,4f8eB,B,0,1,1,1
0,P60891,N114S,P11908-2,4f8eB,B,0,1,1,1
1,Q9HCG8,N174A,P38919,4c9bB,B,1,1,1,1
1,Q9BZW8,E70A,P09326,2pttB,B,1,0,0,0
1,P55957,D95A,Q07817,1zy3B,B,1,1,1,1
1,Q16665,V336E,P27540,4h6jA,A,1,1,1,1
1,Q16665,V336E,P27540-2,4h6jA,A,1,1,1,1
1,Q16665,V336E,P27540-3,4h6jA,A,1,1,1,1
0,P46527,Y88A,P07948,1jsuC,C,0,1,1,1
0,P46527,Y88A,P07948-2,1jsuC,C,0,1,1,1
1,P61587,L90R,O43157-2,3su8A,A,1,1,1,1
1,P61587,L90R,O43157,3su8A,A,1,1,1,1
1,Q92900,V204D,Q9HAU5,2wjvB,B,1,1,1,1
1,Q8N5H7-2,L469R,P56945-4,3t6gA,A,1,1,1,1
1,Q8N5H7-2,L469R,P56945-7,3t6gA,A,1,1,1,1
1,Q8N5H7-2,L469R,P56945-8,3t6gA,A,1,1,1,1
1,Q8N5H7-2,L469R,P56945,3t6gA,A,1,1,1,1
1,Q8N5H7-2,L469R,P56945-2,3t6gA,A,1,1,1,1
1,Q8N5H7-2,L469R,P56945-3,3t6gA,A,1,1,1,1
1,Q8N5H7-2,L469R,P56945-5,3t6gA,A,1,1,1,1
1,Q8N5H7-2,L469R,P56945-6,3t6gA,A,1,1,1,1
1,P02671,C184W,P02675,3ghgJ,J,1,1,1,1
0,P26715,V213A,P13747,1p4lD,D,0,0,0,0
1,P38919,H223D,P61326,2j0sA,A,1,1,1,1
1,Q13241,Q112A,P17693,1p1zD,D,1,0,0,0
1,Q9Y376,F178E,Q9P289,2wtkD,D,1,1,1,1
1,Q9Y376,F178E,Q9P289-2,2wtkD,D,1,1,1,1
1,Q9Y376,F178E,Q9P289-3,3gniA,A,1,1,1,1
1,Q9HAU5,F1171E,Q92900,2wjvE,E,1,1,1,1
1,Q9HAU5,F1171E,Q92900-2,2wjvE,E,1,1,1,1
1,Q13241,N160A,P17693,1p1zD,D,1,0,0,0
0,P07195,R172P,P00338-2,4aj2B,B,0,1,1,1
0,P07195,R172P,P00338-3,4aj2B,B,0,1,1,1
0,P07195,R172P,P00338-5,4aj2B,B,0,1,1,1
1,Q15836,L46P,Q9UNK0,1gl2A,A,1,1,1,1
1,O43521-3,G66E,Q07812,3fdlB,B,1,1,1,1
1,O43521-3,G66E,Q07812-2,3fdlB,B,1,1,1,1
1,O43521-3,G66E,Q07812-4,2nl9B,B,1,1,1,1
1,O43521-3,G66E,Q07812-5,2nl9B,B,1,1,1,1
1,O43521-3,G66E,Q07812-6,2nl9B,B,1,1,1,1
1,O43521-3,G66E,Q07812-7,3fdlB,B,1,1,1,1
1,O43521-3,G66E,Q07812-8,3fdlB,B,1,1,1,1
1,P15056,L515G,P04049,4h58C,C,1,1,1,1
1,P15056,L515G,P04049-2,4h58C,C,1,1,1,1
1,O14893,R213D,Q16637,2lehA,A,1,1,1,1
1,O14893,R213D,Q16637-2,2lehA,A,1,1,1,1
1,O14893,R213D,Q16637-3,2lehA,A,1,1,1,1
1,O14893,R213D,Q16637-4,2lehA,A,1,1,1,1
0,Q71DI3,M91G,P62805,1kx5A,A,0,1,1,1
1,Q96QK1,N725A,Q9UBQ0,2r17C,C,1,1,1,1
1,Q96QK1,N725A,Q9UBQ0-2,2r17C,C,1,1,1,1
1,Q13133,K273A,Q15788,1p8dA,A,1,1,1,1
1,Q13133,K273A,Q15788-2,1p8dA,A,1,1,1,1
1,Q13133,K273A,Q15788-3,1p8dA,A,1,1,1,1
1,Q8N423,Y61A,P17693,2dypD,D,1,1,1,1
1,Q9UJM3,M346A,P00533,4i21C,C,1,1,1,1
1,Q15788,L694A,Q13133,1p8dC,C,1,1,1,1
1,Q15788,L694A,Q13133-2,1p8dC,C,1,1,1,1
1,Q15788,L694A,Q13133-3,1p8dC,C,1,1,1,1
1,Q13133,E441A,Q15788,1p8dA,A,1,1,1,1
1,Q13257,Y199A,Q12834,4aezH,H,1,1,1,1
0,P11362,P252R,P08620,3ojvC,C,0,1,1,1
1,Q13241,Q112A,P13747,1p1zD,D,1,0,0,0
0,O00311,I99T,Q9UBU7,4f9aC,C,0,0,0,0
1,O14980,F572A,O95149,3nc0D,D,1,1,1,1
1,Q13241,N160A,P13747,1p1zD,D,1,0,0,0
1,Q9Y4K3,L74R,P61088,3hctA,A,1,1,1,1
1,P51809,L157P,O15400,1gl2A,A,1,1,1,1
1,P51809,L157P,O15400-2,1gl2A,A,1,1,1,1
1,Q12918,Y201A,Q9UHP7,4iopB,B,1,0,0,0
1,Q12918,Y201A,Q9UHP7-2,4iopB,B,1,1,0,0
1,Q12918,Y201A,Q9UHP7-6,4iopB,B,1,0,0,0
0,Q16611,Y110E,P55957,4bd2A,A,0,1,1,1
0,Q16611,Y110E,P55957-2,4bd2A,A,0,1,1,1
0,Q13241,T146A,P13747,1p1zD,D,0,0,0,0
1,P11802,R24H,P42773,1blxA,A,1,1,1,1
1,P61326,D73K,Q9BRP8,1rk8B,B,1,1,1,1
1,Q96QK1,Q586A,Q9UBQ0,2r17C,C,1,1,1,1
1,Q96QK1,Q586A,Q9UBQ0-2,2r17C,C,1,1,1,1
1,Q9UBQ0,W93A,Q96QK1,2r17A,A,1,1,1,1
1,Q96QK1,R582D,Q9UBQ0,2r17C,C,1,1,1,1
1,Q96QK1,R582D,Q9UBQ0-2,2r17C,C,1,1,1,1
1,P01903,G53D,P28068,4md4A,A,1,0,1,1
1,P56945,L787E,Q8N5H7-4,3t6gB,B,1,1,1,1
1,Q9BV40,L16P,O43752,2npsA,A,1,1,1,1
1,Q13257,R133A,Q12834,4aezH,H,1,1,1,1
1,Q15836,T18P,O15400,3hd7E,E,1,1,0,1
1,Q15836,T18P,O15400-2,1sfcI,I,1,1,1,0
0,P02538,I462S,P13646,3tnuB,B,0,0,1,1
0,Q13794,K35E,Q92843,3mqpB,B,0,0,0,0
0,Q13794,K35E,Q92843-2,3mqpB,B,0,1,0,0
1,Q96QK1,Y729A,Q9UBQ0,2r17C,C,1,1,1,1
1,Q96QK1,Y729A,Q9UBQ0-2,2r17C,C,1,1,1,1
1,Q15836,V25P,O43752,2npsA,A,1,1,1,1
1,Q13241,E164A,P17693,1p1zD,D,1,0,0,0
0,P55211,P336S,Q13490,1nw9B,B,0,0,0,0
1,P52298,D107R,Q09161,3feyB,B,1,1,1,1
1,Q9NQT4,R96Q,Q96B26,2nn6D,D,1,0,0,0
1,Q8IYM1,G169E,Q8WYJ6,3sopA,A,1,1,1,1
1,P61326,E117R,Q9BRP8,1rk8B,B,1,1,1,1
1,P61326,E117R,Q9BRP8-2,1rk8B,B,1,1,1,1
0,P46527,Y74A,P07948,1jsuC,C,0,1,1,1
0,P46527,Y74A,P07948-2,1jsuC,C,0,1,1,1
1,Q13418,M402A,Q9NVD7,3repA,A,1,1,1,1
1,Q9UBQ0,P92G,Q96QK1,2r17A,A,1,1,1,1
1,Q12918,Y198A,Q9UHP7,4iopB,B,1,1,1,1
1,Q12918,Y198A,Q9UHP7-2,4iopB,B,1,1,1,1
1,Q12918,Y198A,Q9UHP7-3,4iopB,B,1,1,1,1
1,Q12918,Y198A,Q9UHP7-6,4iopB,B,1,1,1,1
0,P02538,I462S,P19012,3tnuB,B,0,0,1,1
1,P04637,F19A,Q09472,2k8fB,B,1,1,1,1
0,P60891,D183H,Q14558,4f8eB,B,0,1,1,1
0,P60891,D183H,Q14558-2,4f8eB,B,0,1,1,1
1,Q14457,L116A,Q16611,2ponA,A,1,1,1,1
1,P01112,T35S,Q13671,2ot3B,B,1,0,0,1
1,P01112,T35S,Q13671-2,2ot3B,B,1,0,1,1
1,P01112,Y40C,Q13671,2ot3B,B,1,1,1,1
1,P01112,Y40C,Q13671-2,2ot3B,B,1,1,1,1
1,Q96NA2,R255A,P51149,1yhnB,B,1,1,1,1
0,Q9Y248,L150S,Q9BRT9,2ehoK,K,0,1,1,1
1,Q10567,V88D,P84077,4hmyB,B,1,1,1,1
1,Q96QK1,H675D,Q9UBQ0,2r17C,C,1,1,1,1
1,Q96QK1,H675D,Q9UBQ0-2,2r17C,C,1,1,1,1
1,Q8IYM1,D197N,Q8WYJ6,3sopA,A,1,1,1,1
1,Q9HAU4,C716A,P0CG47,4bbnA,A,1,1,1,1
1,Q9HAU4,C716A,P0CG47,4bbnA,A,1,1,1,1
1,O95149,N150A,O14980,3nc0E,E,1,1,1,1
0,Q13794,F32I,Q92843,3mqpB,B,0,0,0,0
0,Q13794,F32I,Q92843-2,3mqpB,B,0,0,1,1
1,P63279,H20D,P61956,2uyzA,A,1,1,1,1
1,P63279,H20D,P61956-2,2uyzA,A,1,1,1,1
1,O95149,L4A,O14980,3nc0E,E,1,1,1,1
1,P51809,T129P,Q9UNK0,1gl2A,A,1,1,1,1
1,Q92797,K185A,Q9NP77,4h3kD,D,1,1,1,1
1,Q92797,K185A,Q9NP77-2,4h3kD,D,1,1,1,1
1,P38919,F232R,O15234,3ex7C,C,1,1,1,1
0,P13646,R355H,P02538,3tnuA,A,0,0,1,1
0,P01903,F49S,P01911,4i5bD,D,0,1,1,1
1,A5PKW4,E621K,P62330,1r8sE,E,1,1,1,1
0,P07195,R172H,P00338-2,4aj2B,B,0,1,1,1
0,P07195,R172H,P00338-3,4aj2B,B,0,1,1,1
0,P07195,R172H,P00338-5,4aj2B,B,0,1,1,1
0,P61587,N86R,O43157-2,3su8A,A,0,1,0,1
0,P61587,N86R,O43157,3su8A,A,0,1,1,1
0,P40692,V213M,P54278-2,1h7sB,B,0,1,1,1
1,O95149,K144D,O14980,3nc0E,E,1,1,1,1
0,P13747,R129A,Q13241,1p1zA,A,0,1,1,1
0,P13747,R129A,Q13241-3,1p1zA,A,0,1,1,1
1,Q9Y4K3,L74H,P61088,3hctA,A,1,1,1,1
1,Q9BV40,L44P,O43752,2npsA,A,1,1,1,1
1,P04637,L25A,Q09472,2k8fB,B,1,0,1,1
1,Q16665,Y340T,P27540,4h6jA,A,1,1,1,1
1,Q16665,Y340T,P27540-2,4h6jA,A,1,1,1,1
1,Q16665,Y340T,P27540-3,4h6jA,A,1,1,1,1
1,Q16531,W561K,Q13619,2hyeA,A,1,1,1,1
1,Q96QK1,F541D,Q9UBQ0,2r17C,C,1,1,1,1
1,Q96QK1,F541D,Q9UBQ0-2,2r17C,C,1,1,1,1
0,P13747,T235A,Q13241,1p1zA,A,0,1,1,1
0,P13747,T235A,Q13241-2,1p4lA,A,0,1,1,1
0,P13747,T235A,Q13241-3,1p1zA,A,0,1,1,1
1,Q9BV40,L16P,Q9UNK0,1gl2A,A,1,1,1,1
1,Q16665,P564G,Q96KS0,3hqrS,S,1,1,1,1
1,Q16665,P564G,Q96KS0-2,3hqrS,S,1,1,1,1
0,P11362,P252R,P09038,1iilH,H,0,1,1,1
0,P11362,P252R,P09038-1,1cvsD,D,0,1,1,1
0,P11362,P252R,P09038-2,1cvsD,D,0,1,1,1
0,P11362,P252R,P09038-3,1cvsD,D,0,1,1,1
1,O14641,Y27D,O15169,2d5gA,A,1,1,1,1
1,O14641,Y27D,O15169-2,2d5gA,A,1,1,1,1
1,O15085,R868G,P61586,3qbvD,D,1,1,1,1
1,P84243,G91V,P62805,1kx5E,E,1,0,0,1
0,O43543,V160I,O75771-4,1pznG,G,0,0,0,0
0,O43543,V160I,O75771-7,1pznG,G,0,0,0,0
1,O15111,K44M,P25963,3zu7A,A,1,0,1,1
0,P11362,P252R,P31371,3ojvC,C,0,1,1,1
0,P12272,I64L,Q03431,3h3gB,B,0,0,0,0
1,P04637,L22A,Q09472,2k8fB,B,1,1,1,1
1,O15085,R872D,P61586,3qbvD,D,1,1,1,1
1,P61326,E68R,Q9BRP8,1rk8B,B,1,1,1,1
1,P61326,E68R,Q9BRP8-2,1rk8B,B,1,1,1,1
1,Q8NI22,D122V,P49257,3lcpD,D,1,1,1,1
1,Q13257,W167A,Q12834,4aezH,H,1,1,1,1
0,P01133,L996V,P00533-3,1nqlB,B,0,0,0,1
0,P01133,H980Y,P00533,1nqlB,B,0,1,0,0
0,P01133,H980Y,P00533-2,1nqlB,B,0,1,0,0
0,P01133,H980Y,P00533-3,1nqlB,B,0,1,0,0
0,P01133,H980Y,P00533-3,3ltfD,D,0,1,0,0
0,P01133,H980Y,P00533-4,1nqlB,B,0,1,0,0
1,Q92900,E182R,Q9HAU5,2wjvB,B,1,1,1,1
0,Q13241,N158A,P13747,1p1zD,D,0,0,0,0
1,P10276,P375L,P48443,1xdkB,B,1,1,1,1
1,Q8IYM1,D197N,Q14141,2qagA,A,1,0,1,0
1,Q8IYM1,D197N,Q14141-2,2qagA,A,1,0,1,0
1,Q8IYM1,D197N,Q14141-3,2qagA,A,1,1,0,1
1,Q8IYM1,D197N,Q14141-4,2qagA,A,1,0,1,0
1,Q92692,F145A,Q495A1,3udwC,C,1,1,1,1
1,Q92692,F145A,Q495A1-2,3udwC,C,1,1,1,1
1,Q9BV36,R35V,P51159-2,2zetD,D,1,1,1,1
1,Q9BV36,R35V,P51159,2zetC,C,1,1,1,1
1,Q96QK1,T629D,Q9UBQ0,2r17C,C,1,1,1,1
1,Q96QK1,T629D,Q9UBQ0-2,2r17C,C,1,1,1,1
0,P02489,R116C,P02511,3n3eB,B,0,1,1,1
0,Q9UK55,E404A,P00742,2gd4I,I,0,0,1,1
1,Q10567,I85D,P84077,4hmyB,B,1,1,1,1
0,P02538,I462S,O76015,3tnuB,B,0,0,1,1
0,P13489,Y438A,P03950,3tsrF,F,0,1,1,1
1,O43809,Y160A,Q16630-3,3q2sB,B,1,1,1,1
1,O43809,Y160A,Q16630,3p5tC,C,1,1,1,1
1,O43809,Y160A,Q16630-2,3p5tC,C,1,1,1,1
1,Q96I25,R375A,P26368,3v4mB,B,1,1,1,1
1,Q96I25,R375A,P26368-2,3v4mB,B,1,1,1,1
0,Q96CA5,H164R,P55211,1nw9A,A,0,0,0,0
0,Q96CA5,H164R,P55211-2,1nw9A,A,0,0,0,0
0,Q96CA5,H164R,P55211-4,1nw9A,A,0,0,0,0
1,Q9Y2M5,L148A,Q13618,4hxiA,A,1,1,1,1
1,Q16665,P564G,Q9GZT9-2,3hqrS,S,1,1,1,1
1,Q16665,P564G,Q9GZT9-3,3hqrS,S,1,1,1,1
1,Q16665,P564G,Q9GZT9,3hqrS,S,1,1,1,1
1,Q99558,K430A,O15111,4idtB,B,1,1,0,0
0,Q8WXD5,S25N,Q9H840,1y96A,A,0,0,0,0
0,P52294,T433M,Q9UKX7,3tj3A,A,0,1,1,1
1,P84077,L77D,Q10567-2,4hmyC,C,1,1,1,1
1,P84077,L77D,Q10567-3,4hmyC,C,1,1,1,1
1,P84077,L77D,Q10567-4,4hmyC,C,1,1,1,1
1,P84077,L77D,Q10567,4hmyC,C,1,1,1,1
1,Q99814,Q322E,P27540,3f1pA,A,1,1,1,1
1,Q99814,Q322E,P27540-2,3f1pA,A,1,1,1,1
1,Q99814,Q322E,P27540-3,3f1pA,A,1,1,1,1
1,Q9BV40,L44P,Q9UNK0,1gl2A,A,1,1,1,1
0,P11802,R24H,P55273,1blxA,A,0,1,1,1
0,P40692,F80V,P54278,1h7sB,B,0,1,1,1
0,P40692,F80V,P54278-3,1h7sB,B,0,1,1,1
1,Q14457,G120E,Q07817-3,2ponA,A,1,1,1,1
1,Q14457,G120E,Q07817,2ponA,A,1,1,1,1
1,O43541,G471S,Q15797,1khuA,A,1,1,1,1
1,Q07812,D68R,Q07817,4a1wD,D,1,0,0,0
1,P61224,F64A,P47736,3brwD,D,1,1,1,1
1,P61224,F64A,P47736-2,3brwD,D,1,1,1,1
1,P61224,F64A,P47736-3,3brwD,D,1,1,1,1
1,P61224,F64A,P47736-4,3brwD,D,1,1,1,1
1,Q8WXH0,Y6878A,Q9UH99,4dxrB,B,1,1,1,1
1,Q8WXH0,Y6878A,Q9UH99-2,4dxrB,B,1,1,1,1
1,Q8WXH0,Y6878A,Q9UH99-3,4dxrB,B,1,0,0,1
1,Q9BV40,V20P,O15400,1gl2A,A,1,1,1,1
1,Q9BV40,V20P,O15400-2,1gl2A,A,1,1,1,1
1,Q15836,L53P,Q9UNK0,1gl2A,A,1,1,1,1
1,Q16531,A400D,Q13619,2hyeA,A,1,1,1,1
1,O15085,D873N,P61586,3qbvD,D,1,1,1,1
1,P38919,R179E,O15234,3ex7C,C,1,0,1,1
1,P11940,K580A,Q9BPZ3,1jgnA,A,1,1,1,1
1,Q15672,L159F,P15923,2ypaA,A,1,1,1,1
1,Q15672,L159F,P15923-2,2ypaA,A,1,1,1,1
0,Q16611,L163V,Q07817,4a1wD,D,0,0,0,0
0,Q16611,L163V,Q07817-3,3zlrA,A,0,0,0,0
1,P25815,F74G,P23297,2y5iB,B,1,1,1,1
0,P11802,S52N,P42772,1bi7A,A,0,1,1,1
0,O00267,I194V,P63272,3h7hB,B,0,0,0,0
1,P51809,L157P,Q9UNK0,1gl2A,A,1,1,1,1
1,Q13133,I442A,Q15788,1p8dA,A,1,1,1,1
1,Q13133,I442A,Q15788-2,1p8dA,A,1,1,1,1
1,Q13133,I442A,Q15788-3,1p8dA,A,1,1,1,1
1,Q8IXQ5,A153T,Q13618-2,4hxiA,A,1,1,1,1
0,P11802,R24C,P55273,1blxA,A,0,1,1,1
1,Q99814,Y342T,P27540,3f1pA,A,1,1,1,1
1,Q99814,Y342T,P27540-2,3f1pA,A,1,1,1,1
1,Q99814,Y342T,P27540-3,3f1pA,A,1,1,1,1
1,Q9BV40,L51P,O15400,1gl2A,A,1,1,1,1
1,Q9BV40,L51P,O15400-2,1gl2A,A,1,1,1,1
1,Q8WXH0,P6883A,Q9UH99,4dxrB,B,1,1,1,0
1,Q8WXH0,P6883A,Q9UH99-2,4dxrB,B,1,1,1,0
1,Q8WXH0,P6883A,Q9UH99-3,4dxrB,B,1,1,1,1
1,P42773,F37I,Q00534,1blxB,B,1,1,1,1
1,P84243,E95A,P62805,1kx5E,E,1,1,1,1
0,Q495M9,E393D,Q9Y6N9-4,3k1rB,B,0,0,1,1
0,Q495M9,E393D,Q9Y6N9-3,3k1rB,B,0,0,0,1
0,Q495M9,E393D,Q9Y6N9,3k1rB,B,0,0,1,1
0,Q495M9,E393D,Q9Y6N9-5,3k1rB,B,0,0,1,1
1,Q9HCG8,N171A,P38919,4c9bB,B,1,1,1,1
1,P10276,P375L,P28702,1xdkB,B,1,1,1,1
1,P10276,P375L,P28702-3,1xdkB,B,1,1,1,1
1,P55957,G94A,Q92843,1zy3B,B,1,1,1,1
1,P15056,I666R,Q02750,2y4iB,B,1,1,1,1
1,P63279,R17E,P61956,2uyzA,A,1,1,1,1
1,P63279,R17E,P61956-2,2uyzA,A,1,1,1,1
1,Q07812,M74E,Q92843,2y6wA,A,1,0,0,0
1,Q07812,M74E,Q92843-2,2y6wA,A,1,1,0,0
0,Q14203,Q93R,P30622,2hl3B,B,0,0,0,1
0,Q14203,Q93R,P30622,2hl3B,B,0,0,0,1
0,Q14203,Q93R,P30622-1,2hl3B,B,0,0,0,1
0,Q14203,Q93R,P30622-1,2hl3B,B,0,0,0,1
0,Q14203,Q93R,P30622-2,2hl3B,B,0,0,0,1
0,Q14203,Q93R,P30622-2,2hl3B,B,0,0,0,1
0,O43617,K32Q,O75865,2j3tA,A,0,1,1,1
0,O43617,K32Q,O75865-2,2j3tA,A,0,1,1,1
1,P51809,T129P,O43752,2npsA,A,1,1,1,1
0,P02538,I462S,Q15323,3tnuB,B,0,0,1,1
1,P61326,E72R,Q9BRP8,1rk8B,B,1,1,1,1
1,P61326,E72R,Q9BRP8-2,1rk8B,B,1,1,1,1
1,Q96AX1,Y438P,Q9H269,4bx9A,A,1,1,1,1
1,Q96AX1,Y438P,Q9H269-2,4bx9A,A,1,1,1,1
0,O95405,A797P,P84022,1devB,B,0,0,0,0
0,O95405,A797P,P84022-4,1devB,B,0,0,0,0
0,O95405,A797P,P84022-2,1devB,B,0,1,1,1
0,O95405,A797P,P84022-3,1devB,B,0,1,1,1
1,O14965,G198L,Q9NQS7,4af3A,A,1,1,1,1
1,O14965,G198L,Q9NQS7-2,4af3A,A,1,1,1,1
1,Q9Y376,M260E,Q9P289-3,3gniA,A,1,1,1,1
1,P61326,E72A,Q9BRP8,1rk8B,B,1,1,1,1
1,P61326,E72A,Q9BRP8-2,1rk8B,B,1,1,1,1
0,P01133,D973Y,P00533,1nqlB,B,0,1,1,1
0,P01133,D973Y,P00533-2,1nqlB,B,0,1,1,1
0,P01133,D973Y,P00533-4,1nqlB,B,0,1,1,1
1,O43521-3,G66E,Q92843,3fdlB,B,1,1,1,1
1,O43521-3,G66E,Q92843-2,3fdlB,B,1,1,1,1
0,Q00534,D110N,P42773,1blxA,A,0,0,0,0
1,Q96AX1,Y438D,Q9H269,4bx9A,A,1,1,1,1
1,Q96AX1,Y438D,Q9H269-2,4bx9A,A,1,1,1,1
1,P38919,Y205A,O15234,3ex7C,C,1,0,1,1
0,P62195,R258W,P43686-2,4ko8A,A,0,1,0,1
0,P62195,R258W,P43686,4ko8B,B,0,1,1,1
1,Q53EL6,D253A,P60842-2,3eiqC,C,1,1,1,1
1,Q96AX1,K429D,Q9H269,4bx9A,A,1,1,1,1
1,Q96AX1,K429D,Q9H269-2,4bx9A,A,1,1,1,1
1,Q13542,L59A,P06730,3am7B,B,1,1,1,1
1,Q13542,L59A,P06730-2,3am7B,B,1,1,1,1
1,Q13542,L59A,P06730-2,3am7B,B,1,1,1,1
1,Q13542,L59A,P06730-3,3am7B,B,1,1,1,1
1,Q9UBQ0,L142D,Q96QK1,2r17A,A,1,1,1,1
0,P51587,V1532I,Q06609-2,1n0wB,B,0,0,0,0
0,P51587,V1532I,Q06609-3,1n0wB,B,0,0,0,0
0,P51587,V1532I,Q06609,1n0wB,B,0,0,0,0
0,P51587,V1532I,Q06609-4,1n0wB,B,0,0,0,0
0,P46527,Y89A,P07948,1jsuC,C,0,0,0,1
0,P46527,Y89A,P07948-2,1jsuC,C,0,0,0,1
1,Q15836,L46P,O15400,3hd7E,E,1,1,0,0
1,Q15836,L46P,O15400-2,1sfcI,I,1,1,0,0
0,P16220,S142L,Q92793,1kdxB,B,0,1,1,1
0,P16220,S142L,Q92793-2,1kdxB,B,0,1,1,1
0,P26715,Q212A,P13747,1p4lD,D,0,1,0,1
1,P56945,F794R,Q8N5H7,3t6gB,B,1,1,1,1
1,P56945,F794R,Q8N5H7-3,3t6gB,B,1,1,1,1
1,P56945,F794R,Q8N5H7-5,3t6gB,B,1,1,1,1
1,P56945,F794R,Q8N5H7-2,3t6gB,B,1,1,1,1
1,P56945,F794R,Q8N5H7-4,3t6gB,B,1,1,1,1
1,P56945,F794R,Q8N5H7-6,3t6gB,B,1,1,1,1
1,Q14457,F123A,Q16611,2ponA,A,1,1,1,1
1,Q9Y2M5,I111A,Q13618,4hxiA,A,1,1,1,1
0,P13646,R355H,P35908,3tnuA,A,0,0,1,1
1,P61224,Q63E,P47736,3brwD,D,1,1,1,1
1,P61224,Q63E,P47736-2,3brwD,D,1,1,1,1
1,P61224,Q63E,P47736-3,3brwD,D,1,1,1,1
1,P61224,Q63E,P47736-4,3brwD,D,1,1,1,1
0,P16220,S142L,Q09472,1kdxB,B,0,1,1,1
0,P01116-2,K128A,P04049-2,2v55D,D,0,1,1,1
0,P13489,Y435A,P03950,3tsrF,F,0,1,1,1
1,Q9Y570,S156A,P67775,3c5wP,P,1,1,1,1
1,Q9Y570,S156A,P67775-2,3c5wP,P,1,1,1,1
1,Q15013,F191A,Q13257,2qyfB,B,1,1,1,1
0,P55211,P336S,P98170,1nw9B,B,0,1,1,1
1,P84243,G91V,Q9UER7,4hgaB,B,1,0,0,1
1,P84243,G91V,Q9UER7-3,4hgaB,B,1,0,0,1
1,O14980,F561A,O95149,3nc0D,D,1,1,1,1
0,O75771,R165Q,O43543,1pznB,B,0,0,0,0
0,Q15843,A72R,P62837,4ap4F,F,0,1,1,1
1,P55957,D95A,Q92843,1zy3B,B,1,1,1,1
1,Q9Y376,R227A,O95747,3gniA,A,1,1,1,0
1,Q9Y294,D37A,P54198,2i32B,B,1,1,1,1
1,Q9Y294,D37A,P54198-2,2i32B,B,1,1,1,1
1,P25815,I75G,P23297,2y5iB,B,1,1,1,1
1,Q9Y376,R227A,Q9UEW8,3gniA,A,1,1,1,1
1,P01903,G53H,P28068,4md4A,A,1,0,1,1
1,P54727,L8A,P55036,1uelA,A,1,1,1,1
1,Q8NI22,D89A,P49257,3lcpD,D,1,1,1,1
1,P51809,L136P,Q9UNK0,1gl2A,A,1,1,1,1
0,Q9Y248,D24G,Q9BRT9,2ehoK,K,0,1,1,1
0,P13747,T235A,P26715,1p4lA,A,0,0,0,0
0,P13747,T235A,P26715-2,1p4lA,A,0,1,1,1
1,P61081,N113A,Q15843,4ap4E,E,1,1,1,1
1,Q15788,L693A,Q13133,1p8dC,C,1,1,1,1
0,O15111,S176E,P25963,3zu7A,A,0,0,0,0
1,O43521-3,G66A,P10415,1pq1B,B,1,1,1,1
1,O43521-3,G66A,P10415-2,3fdlB,B,1,1,1,1
0,Q00987,Y489F,O15151,2vjeA,A,0,0,0,1
0,Q00987,Y489F,O15151-4,2vjeA,A,0,0,0,1
0,Q00987,Y489F,O15151-5,2vjeA,A,0,0,0,1
0,P40692,C77R,P54278,1h7sB,B,0,1,1,1
0,P40692,C77R,P54278-3,1h7sB,B,0,1,1,1
1,P15056,R509H,P04049,4h58C,C,1,1,1,1
1,P15056,R509H,P04049-2,4h58C,C,1,1,1,1
1,O15085,R867Q,P61586,3qbvD,D,1,1,0,1
0,P00533,L858R,Q9NSE2-2,4gl9A,A,0,1,1,0
0,O00311,I99L,Q9UBU7,4f9aC,C,0,0,0,0
1,Q15836,L53P,O43752,2npsA,A,1,1,1,1
1,P38919,T178D,O15234,3ex7C,C,1,0,1,1
1,Q96QK1,R637D,Q9UBQ0,2r17C,C,1,1,1,1
1,Q96QK1,R637D,Q9UBQ0-2,2r17C,C,1,1,1,1
1,P23297,L12H,P25815,2y5iA,A,1,1,1,1
1,Q9H334,W534R,O15409,2a07I,I,1,1,1,1
1,Q9H334,W534R,O15409-2,2a07I,I,1,1,1,1
1,Q9H334,W534R,O15409-4,2a07I,I,1,1,1,1
1,Q9H334,W534R,O15409-9,2a07I,I,1,1,1,1
1,Q13241,L162A,P17693,1p1zD,D,1,1,0,0
1,O15111,K44A,P25963,3zu7A,A,1,1,1,1
0,Q12918,E200R,Q9UHP7,4iopB,B,0,1,1,1
0,Q12918,E200R,Q9UHP7-2,4iopB,B,0,1,1,1
0,Q12918,E200R,Q9UHP7-3,4iopB,B,0,1,1,1
0,Q12918,E200R,Q9UHP7-6,4iopB,B,0,1,1,1
1,Q13542,Y54A,P06730,3am7B,B,1,1,1,1
1,Q13542,Y54A,P06730-2,3am7B,B,1,1,1,1
1,Q13542,Y54A,P06730-2,3am7B,B,1,1,1,1
1,Q13542,Y54A,P06730-3,3am7B,B,1,1,1,1
1,Q9BV36,R35F,P51159-2,2zetD,D,1,1,1,1
1,Q9BV36,R35F,P51159,2zetC,C,1,1,1,1
1,P25815,F71A,P23297,2y5iB,B,1,1,1,1
1,P84077,I49D,Q10567-2,4hmyC,C,1,1,1,1
1,P84077,I49D,Q10567-3,4hmyC,C,1,1,1,1
1,P84077,I49D,Q10567-4,4hmyC,C,1,1,1,1
1,P84077,I49D,Q10567,4hmyC,C,1,1,1,1
1,P25815,I12A,P23297,2y5iB,B,1,1,1,1
1,Q9Y4K3,I72F,P61088,3hctA,A,1,1,1,1
1,P51809,L157P,O43752,2npsA,A,1,1,1,1
0,P21912,R177A,P31040,1zoyB,B,0,1,1,1
0,Q14203,Q93K,P30622,2hl3B,B,0,0,0,0
0,Q14203,Q93K,P30622,2hl3B,B,0,0,0,1
0,Q14203,Q93K,P30622-1,2hl3B,B,0,0,0,0
0,Q14203,Q93K,P30622-1,2hl3B,B,0,0,0,1
0,Q14203,Q93K,P30622-2,2hl3B,B,0,0,0,1
0,Q14203,Q93K,P30622-2,2hl3B,B,0,0,0,1
0,P01270,H63A,Q03431,3c4mD,D,0,1,1,1
1,P13501,E49A,P02776,1ilpB,B,1,1,1,1
1,P51809,T129P,O15400,1gl2A,A,1,1,1,1
1,P51809,T129P,O15400-2,1gl2A,A,1,1,1,1
0,P00492,P38S,Q9NRG1,3ggcA,A,0,1,1,1
0,P00492,P38S,Q9NRG1-2,3ggcA,A,0,1,1,1
1,P61326,D66R,Q9BRP8,1rk8B,B,1,1,1,1
1,P61326,D66R,Q9BRP8-2,1rk8B,B,1,1,1,1
1,P02671,C184W,P02679,3ghgA,A,1,1,1,1
1,P02671,C184W,P02679-2,3ghgA,A,1,1,1,1
1,Q9Y4K3,L74K,P61088,3hctA,A,1,1,0,0
1,P61587,V87R,O43157-2,3su8A,A,1,1,1,1
1,P61587,V87R,O43157,3su8A,A,1,1,1,1
0,Q9Y248,I26T,Q9BRT9,2ehoK,K,0,1,0,0
1,Q9UBQ0,A141D,Q96QK1,2r17A,A,1,1,1,1
1,Q9UBQ0,G94P,Q96QK1,2r17A,A,1,1,1,1
1,Q9BZW8,K68A,P09326,2pttB,B,1,1,1,1
0,O00311,K416T,Q9UBU7,4f9aC,C,0,0,1,1
1,Q9UJM3,Y358A,P00533,4i21C,C,1,1,1,1
1,Q9BV40,L16P,O15400,1gl2A,A,1,1,1,1
1,Q9BV40,L16P,O15400-2,1gl2A,A,1,1,1,1
1,Q9H269,R725E,Q96AX1,4bx9C,C,1,1,1,1
1,Q07812,M74R,Q92843,2y6wA,A,1,0,0,0
1,Q07812,M74R,Q92843-2,2y6wA,A,1,1,0,0
1,Q9UBQ0,W93D,Q96QK1,2r17A,A,1,1,1,1
1,P16144,R1281A,Q15149,3f7pC,C,1,1,1,1
1,P16144,R1281A,Q15149-2,3f7pC,C,1,1,1,1
1,P16144,R1281A,Q15149-4,3f7pC,C,1,1,1,1
1,P16144,R1281A,Q15149-5,3f7pC,C,1,1,1,1
1,P16144,R1281A,Q15149-8,3f7pC,C,1,1,1,1
1,P16144,R1281A,Q15149-9,3f7pC,C,1,1,1,1
1,P11940,K580A,Q9H074,1jh4A,A,1,0,0,0
0,P11802,N41S,P42772,1bi7A,A,0,1,0,0
1,Q15836,V25P,O15400,3hd7E,E,1,1,0,0
1,Q15836,V25P,O15400-2,1sfcI,I,1,1,0,0
1,Q16665,P564G,Q9H6Z9,3hqrS,S,1,1,1,1
1,Q8IWE4,D271A,Q13618-2,3tduA,A,1,1,1,1
1,Q8IWE4,D271A,Q13618-3,3tduA,A,1,1,1,1
1,Q8IWE4,D271A,Q13618,3tduA,A,1,1,1,1
1,Q8WXH0,L6876A,Q9UH99,4dxrB,B,1,1,1,1
1,Q8WXH0,L6876A,Q9UH99-2,4dxrB,B,1,1,1,1
1,Q8WXH0,L6876A,Q9UH99-3,4dxrB,B,1,0,0,1
0,P63272,L10V,O00267,3h7hA,A,0,0,0,0
0,P63272,L10V,O00267-2,3h7hA,A,0,0,0,0
1,O15085,I876M,P61586,3qbvD,D,1,1,0,0
1,P63279,V25M,P63165,2uyzA,A,1,1,0,1
1,P63279,V25M,P63165-2,2uyzA,A,1,1,1,1
0,Q8WXD5,V57L,Q9H840,1y96A,A,0,0,0,0
1,Q96AX1,I441K,Q9H269,4bx9A,A,1,1,1,1
1,Q96AX1,I441K,Q9H269-2,4bx9A,A,1,1,1,1
1,Q13241,F114A,P17693,1p1zD,D,1,1,1,1
1,P01903,G53H,P01911,4i5bD,D,1,1,1,1
0,P26715,K217A,P13747,1p4lD,D,0,1,1,1
1,Q92730,E48A,O43157,3su8A,A,1,1,1,1
1,Q92730,E48A,O43157-2,3su8A,A,1,1,1,1
1,Q9BV36,R35W,P51159-2,2zetD,D,1,1,1,1
1,Q9BV36,R35W,P51159,2zetC,C,1,1,1,1
1,Q9Y4K3,I72K,P61088,3hctA,A,1,1,1,1
1,Q99814,M338E,P27540,3f1pA,A,1,1,1,1
1,Q99814,M338E,P27540-2,3f1pA,A,1,1,1,1
1,Q99814,M338E,P27540-3,3f1pA,A,1,1,1,1
0,P11362,P252R,P10767,1cvsD,D,0,1,1,1
1,Q9UJM3,F352A,P00533,4i21C,C,1,1,1,1
1,P62805,R36A,Q71DI3,1kx5B,B,1,1,1,1
0,P46734,T222E,Q9Y463,3anqD,D,0,1,1,1
0,P46734,T222E,Q9Y463-2,3anqD,D,0,1,1,1
0,P46734,T222E,Q9Y463-3,3anqD,D,0,1,1,1
0,P01270,K58L,Q03431,3c4mD,D,0,1,1,1
0,Q9H840,R68C,Q8WXD5,1y96B,B,0,1,1,1
1,Q99728,V695L,P38398,2nteA,A,1,0,0,0
1,P54198,L464D,Q9Y294,2i32F,F,1,1,1,1
1,Q9Y570,H349A,P67775,3c5wP,P,1,1,1,1
1,Q9BV40,L44P,O15400,1gl2A,A,1,1,1,1
1,Q9BV40,L44P,O15400-2,1gl2A,A,1,1,1,1
0,O00311,Q106R,Q9UBU7,4f9aC,C,0,0,0,0
1,Q9HAU5,F1113E,Q92900,2wjvE,E,1,1,1,1
1,Q9HAU5,F1113E,Q92900-2,2wjvE,E,1,1,1,1
1,Q15836,T18P,Q9UNK0,1gl2A,A,1,1,1,1
1,P01100,K176N,P05412,1fosG,G,1,1,0,0
1,Q16531,R589E,Q13619,2hyeA,A,1,1,1,1
1,Q71DI3,R64A,P62805,1kx5A,A,1,1,1,1
0,Q9UBU7,L306I,O00311,4f9aD,D,0,0,0,0
0,Q13241,T146A,P17693,1p1zD,D,0,0,0,0
0,P61587,F124Y,O43157-2,3su8A,A,0,0,0,0
0,P61587,F124Y,O43157,3su8A,A,0,0,0,0
1,Q15836,L53P,O15400,3hd7E,E,1,1,0,1
1,Q15836,L53P,O15400-2,1sfcI,I,1,1,0,0
1,Q53EL6,E249A,P60842-2,3eiqC,C,1,1,1,1
1,Q9HAU5,L1174E,Q92900,2wjvE,E,1,1,1,1
1,Q9HAU5,L1174E,Q92900-2,2wjvE,E,1,1,1,1
1,P51809,L136P,O43752,2npsA,A,1,1,1,1
1,O14965,G198A,Q9NQS7,4af3A,A,1,1,1,1
1,O14965,G198A,Q9NQS7-2,4af3A,A,1,1,1,1
1,Q9HCG8,K172A,P38919,4c9bB,B,1,1,1,1
1,Q9Y376,V224E,Q9P289,2wtkD,D,1,1,1,1
1,Q9Y376,V224E,Q9P289-2,2wtkD,D,1,1,1,1
1,Q9Y376,V224E,Q9P289-3,3gniA,A,1,1,1,1
1,P01112,Y40C,P04049,4g0nA,A,1,1,1,1
1,P01112,Y40C,P04049-2,4g0nA,A,1,1,1,1
1,O14980,L525A,O95149,3nc0D,D,1,1,1,1
1,Q96B26,D202V,Q9NQT4,2nn6C,C,1,1,1,1
1,O14796,R31K,Q9UN19-2,1d1zD,D,1,1,0,1
0,P63272,S65N,O00267,3h7hA,A,0,0,0,0
0,P63272,S65N,O00267-2,3h7hA,A,0,0,0,0
0,Q13241,N148A,P17693,1p1zD,D,0,0,0,0
1,Q9H4D5,R409W,Q9UKK6,1jkgB,B,1,1,1,1
1,O14980,I521A,O95149,3nc0D,D,1,1,1,1
0,P35908,L484P,P13646,3tnuB,B,0,0,1,1
1,O43809,Y158A,Q16630-3,3q2sB,B,1,1,1,1
1,O43809,Y158A,Q16630,3p5tC,C,1,1,1,1
1,O43809,Y158A,Q16630-2,3p5tC,C,1,1,1,1
0,P63000,G12V,P52757-5,2ngrA,A,0,1,1,1
0,P63000,G12V,P52757-6,2ngrA,A,0,1,1,1
0,P63000,G12V,P52757-7,2ngrA,A,0,1,1,1
0,P63000,G12V,P52757-9,2ngrA,A,0,1,1,1
0,P35908,L484P,P08727,3tnuB,B,0,0,1,1
1,Q07812,M74D,Q92843,2y6wA,A,1,1,1,1
1,Q07812,M74D,Q92843-2,2y6wA,A,1,1,1,1
0,P68431,S88A,Q9UER7,4h9nA,A,0,1,0,0
1,P61326,K41D,P38919,2j0sC,C,1,1,1,1
0,Q13241,N148A,P13747,1p1zD,D,0,0,1,1
0,P12272,I67A,Q03431,3h3gB,B,0,1,1,1
1,P40337,C162F,Q15369-2,4ajyV,V,1,1,1,1
1,P40337,C162F,Q15369,4ajyV,V,1,1,1,1
1,O95149,Y147A,O14980,3nc0E,E,1,1,1,1
1,Q9NPD8,R60E,Q9NW38,4ccgA,A,1,1,1,1
1,Q9NPD8,R60E,Q9NW38-2,4ccgA,A,1,1,1,1
0,P42771,M53I,Q00534,1bi7B,B,0,1,0,0
1,Q9Y2M5,C146A,Q13618-2,4hxiA,A,1,1,1,1
1,Q9Y2M5,C146A,Q13618-3,4hxiA,A,1,1,1,1
1,Q9Y2M5,C146A,Q13618,4hxiA,A,1,1,1,1
0,P35908,L484P,P19012,3tnuB,B,0,0,1,1
1,Q9UBQ0,R104D,Q96QK1,2r17A,A,1,1,1,1
1,Q9Y376,M260A,Q7RTN6,2wtkD,D,1,1,1,1
1,Q07820,L213A,Q07812,4bd8A,A,1,1,1,1
1,Q07820,L213A,Q07812-2,4bd8A,A,1,1,1,1
1,Q07820,L213A,Q07812-7,4bd7A,A,1,1,1,1
1,Q07820,L213A,Q07812-8,4bd8A,A,1,1,1,1
1,P11802,R24C,P42773,1blxA,A,1,1,1,1
1,P61326,E20R,P38919,2j0sC,C,1,1,1,1
1,P15056,M517W,P04049,4h58C,C,1,1,1,1
1,P15056,M517W,P04049-2,4h58C,C,1,1,1,1
1,P56945,D797R,Q8N5H7-4,3t6gB,B,1,1,1,1
1,Q9BV40,V20P,O43752,2npsA,A,1,1,1,1
1,P16144,R1225H,Q15149,3f7pC,C,1,1,0,1
1,P16144,R1225H,Q15149-2,3f7pC,C,1,1,1,1
1,P16144,R1225H,Q15149-4,3f7pC,C,1,1,1,1
1,P16144,R1225H,Q15149-5,3f7pC,C,1,1,1,1
1,P16144,R1225H,Q15149-6,3f7pC,C,1,1,1,1
1,P16144,R1225H,Q15149-7,3f7pC,C,1,1,1,1
1,P16144,R1225H,Q15149-8,3f7pC,C,1,1,1,1
1,P16144,R1225H,Q15149-9,3f7pC,C,1,1,0,1
1,P48059,F42A,Q13418,4hi8B,B,1,1,1,1
1,P84077,H80D,Q10567-2,4hmyC,C,1,1,1,1
1,P84077,H80D,Q10567-3,4hmyC,C,1,1,1,1
1,P84077,H80D,Q10567-4,4hmyC,C,1,1,1,1
1,P84077,H80D,Q10567,4hmyC,C,1,1,1,1
0,P01133,K998R,P00533-3,1nqlB,B,0,0,0,0
0,P01133,K998R,P00533-3,3ltfD,D,0,0,0,0
1,Q16665,Q320E,P27540,4h6jA,A,1,1,1,0
1,Q16665,Q320E,P27540-2,4h6jA,A,1,1,1,0
1,Q16665,Q320E,P27540-3,4h6jA,A,1,1,1,0
1,O43521-3,G66A,Q07817-3,3fdlB,B,1,0,0,0
1,O43521-3,G66A,Q07817,3fdlB,B,1,0,0,0
1,Q9Y3B2,P10L,Q9NQT4,2nn6I,I,1,1,1,1
1,P84243,S58A,P62805,1kx5E,E,1,0,1,1
1,O95149,L8A,O14980,3nc0E,E,1,1,1,1
0,P01903,F49S,P02686,1fv1D,D,0,1,1,1
0,P01903,F49S,P02686-3,1fv1D,D,0,1,1,1
0,P01903,F49S,P02686-4,1fv1D,D,0,1,1,1
0,P01903,F49S,P02686-5,1fv1D,D,0,1,1,1
0,P01903,F49S,P02686-6,1fv1D,D,0,1,1,1
0,P01270,V62A,Q03431,3c4mD,D,0,1,1,1
1,Q92900,V205I,Q9HAU5,2wjvB,B,1,0,0,0
1,Q9BV40,L51P,O43752,2npsA,A,1,1,1,1
1,Q14457,L116A,Q07817-3,2ponA,A,1,1,1,1
1,Q14457,L116A,Q07817,2ponA,A,1,1,1,1
1,Q12918,E200A,Q9UHP7,4iopB,B,1,1,1,1
1,Q12918,E200A,Q9UHP7-2,4iopB,B,1,1,1,1
1,Q12918,E200A,Q9UHP7-3,4iopB,B,1,1,1,1
1,Q12918,E200A,Q9UHP7-6,4iopB,B,1,1,1,1
1,P84243,C111E,Q9NVP2,4eo5B,B,1,1,1,1
1,P01116,E37G,P50749,3ddcA,A,1,1,1,1
1,Q96I25,R375D,P26368,3v4mB,B,1,1,1,1
1,Q96I25,R375D,P26368-2,3v4mB,B,1,1,1,1
1,Q9Y570,S156T,P67775,3c5wP,P,1,1,1,1
1,Q9Y570,S156T,P67775-2,3c5wP,P,1,1,1,0
1,Q9UH99,H628A,Q8WXH0-3,4dxrA,A,1,1,1,1
1,Q9UH99,H628A,Q8WXH0-4,4dxrA,A,1,1,1,1
1,Q9UH99,H628A,Q8WXH0-7,4dxrA,A,1,1,1,1
1,Q9UH99,H628A,Q8WXH0,4dxrA,A,1,1,1,1
1,Q9UH99,H628A,Q8WXH0-2,4dxrA,A,1,1,1,1
1,Q9UH99,H628A,Q8WXH0-5,4dxrA,A,1,1,1,1
1,Q9UH99,H628A,Q8WXH0-6,4dxrA,A,1,1,1,1
1,Q13241,D163A,P17693,1p1zD,D,1,0,1,0
1,Q8IWE4,D241A,Q13618,3tduA,A,1,1,1,1
0,P42771,M53I,P11802,1bi7B,B,0,1,1,1
1,Q9BV36,R35K,P51159-2,2zetD,D,1,0,0,0
1,Q9BV36,R35K,P51159,2zetC,C,1,0,0,0
0,P84022,T330A,O95405,1devA,A,0,1,1,1
1,Q9UBU9,H457A,Q9UKK6,1jkgB,B,1,1,1,1
0,P26715,Q220A,P13747,1p4lD,D,0,0,0,0
1,O14788,R223A,Q9Y6Q6,3qbqA,A,1,1,1,1
1,O14788,R223A,Q9Y6Q6-2,3qbqA,A,1,1,1,1
1,Q9H4D5,R409W,Q9NPJ8-2,1jkgB,B,1,1,1,1
1,Q9H4D5,R409W,Q9NPJ8,1jkgB,B,1,1,1,1
1,Q9H4D5,R409W,Q9NPJ8-3,1jkgB,B,1,1,1,1
0,P01133,K998S,P00533-3,1nqlB,B,0,1,1,1
0,P01133,K998S,P00533-3,3ltfD,D,0,0,0,0
1,P84243,G91L,Q9UER7,4hgaB,B,1,0,0,1
1,P84243,G91L,Q9UER7-3,4hgaB,B,1,0,0,1
1,Q9UBQ0,Y139A,Q96QK1,2r17A,A,1,1,1,1
1,P54198,I461D,Q9Y294,2i32F,F,1,1,1,1
1,P56945,F794E,Q8N5H7,3t6gB,B,1,1,1,1
1,P56945,F794E,Q8N5H7-3,3t6gB,B,1,1,1,1
1,P56945,F794E,Q8N5H7-5,3t6gB,B,1,1,1,1
1,P56945,F794E,Q8N5H7-2,3t6gB,B,1,1,1,1
1,P56945,F794E,Q8N5H7-4,3t6gB,B,1,1,1,1
1,P56945,F794E,Q8N5H7-6,3t6gB,B,1,1,1,1
0,P01133,M991S,P00533-3,1nqlB,B,0,1,1,1
0,Q13241,N158A,P17693,1p1zD,D,0,0,0,0
1,Q9Y4K3,I72D,P61088,3hctA,A,1,1,1,1
1,Q96MG7,L97A,Q8WV22,3nw0B,B,1,1,1,1
1,Q15836,V25P,Q9UNK0,1gl2A,A,1,1,1,1
1,Q0P5N6,G66D,O43924,1kshA,A,1,1,1,1
1,P55957,G94A,Q07817,1zy3B,B,1,1,1,1
0,Q7Z3B4,R385K,P37198,3t97B,B,0,1,1,1
0,P19429,R145Q,P02585,1j1eF,F,0,0,1,0
0,P19429,R145Q,P02585,1j1eF,F,0,0,1,0
1,Q13241,L162A,P13747,1p1zD,D,1,0,0,1
1,P42771,R24P,P11802,1bi7B,B,1,1,1,1
1,Q92900,Y184D,Q9HAU5,2wjvB,B,1,1,1,1
1,Q9UBQ0,P92A,Q96QK1,2r17A,A,1,1,1,1
1,P51809,L136P,O15400,1gl2A,A,1,1,1,1
1,P51809,L136P,O15400-2,1gl2A,A,1,1,1,1
1,Q15836,T18P,O43752,2npsA,A,1,1,1,1
0,P21860,G284R,P04626,3u7uA,A,0,0,0,0
0,P21860,G284R,P04626-4,3u7uA,A,0,0,0,0
0,P63279,C93A,Q9UBT2,4ii2C,C,0,1,1,1
1,Q99728,L44P,P38398,1jm7B,B,1,1,1,1
1,P38919,D154K,O15234,3ex7C,C,1,0,1,0
1,Q16531,I587D,Q13619,2hyeA,A,1,1,1,1
1,Q9Y4K3,D57K,P61088,3hctA,A,1,1,1,1
1,P84243,G91L,P62805,1kx5E,E,1,0,0,1
1,Q9BV40,V20P,Q9UNK0,1gl2A,A,1,1,1,1
1,Q8IWE4,A265R,Q13618-2,3tduA,A,1,1,1,1
1,Q8IWE4,A265R,Q13618-3,3tduA,A,1,1,1,1
1,Q8IWE4,A265R,Q13618,3tduA,A,1,1,1,1
1,O43521-3,G66E,Q07817-3,3fdlB,B,1,1,1,1
1,O43521-3,G66E,Q07817,3fdlB,B,1,1,1,1
1,P23297,F16A,P25815,2y5iA,A,1,1,1,1
1,P51587,V1532F,Q06609-2,1n0wB,B,1,1,1,1
1,P51587,V1532F,Q06609-3,1n0wB,B,1,1,1,1
1,P51587,V1532F,Q06609,1n0wB,B,1,1,1,1
1,P51587,V1532F,Q06609-4,1n0wB,B,1,1,1,1
1,P30622-2,K252A,Q15691,1txqA,A,1,1,1,1
1,O43521-3,G66E,P10415,1pq1B,B,1,1,1,1
1,O43521-3,G66E,P10415-2,3fdlB,B,1,1,1,1
0,P35908,L484P,O76015,3tnuB,B,0,0,1,1
1,P84243,Q94A,Q9UER7,4hgaB,B,1,1,1,1
1,P84243,Q94A,Q9UER7-3,4hgaB,B,1,1,1,1
1,Q96QK1,L589D,Q9UBQ0,2r17C,C,1,1,1,1
1,Q96QK1,L589D,Q9UBQ0-2,2r17C,C,1,1,1,1
1,P23297,F72L,P25815,2y5iA,A,1,1,1,1
1,Q15836,L46P,O43752,2npsA,A,1,1,1,1
