Mutation_Effect_Label,UniProt_ID,Mutation,Interactor_UniProt_ID,Provean_score,Template_cath_id_pdb,Chain_id,Provean_Fixed_Prediction
1,Q9BPZ3,F118A,P11940,-5.895,1jgn,B,1
1,P01116,Y40C,P50749,-8.175,3ddc,A,1
1,Q96QK1,F534D,Q9UBQ0,-7.553,2r17,C,1
1,Q96QK1,F534D,Q9UBQ0-2,-7.553,2r17,C,1
1,O43521-3,G66A,Q07812,-4.158,3fdl,B,1
1,O43521-3,G66A,Q07812-2,-4.158,3fdl,B,1
1,O43521-3,G66A,Q07812-4,-4.158,2nl9,B,1
1,O43521-3,G66A,Q07812-5,-4.158,2nl9,B,1
1,O43521-3,G66A,Q07812-6,-4.158,2nl9,B,1
1,O43521-3,G66A,Q07812-7,-4.158,3fdl,B,1
1,O43521-3,G66A,Q07812-8,-4.158,3fdl,B,1
0,Q13418,Q362H,Q9NVD7,-3.94,3rep,A,1
1,Q9BV40,L51P,Q9UNK0,-7.0,1gl2,A,1
0,P11802,R24C,P42772,-6.472,1bi7,A,1
1,Q9HAU5,M1173E,Q92900,-5.513,2wjv,E,1
1,Q9HAU5,M1173E,Q92900-2,-5.513,2wjv,E,1
0,Q969J2,G79R,Q96IT1,4.583,3lhr,B,0
1,Q9UH99,S641E,Q8WXH0-3,-3.714,4dxr,A,1
1,Q9UH99,S641E,Q8WXH0-4,-3.714,4dxr,A,1
1,Q9UH99,S641E,Q8WXH0-7,-3.714,4dxr,A,1
1,Q9UH99,S641E,Q8WXH0,-3.714,4dxr,A,1
1,Q9UH99,S641E,Q8WXH0-2,-3.714,4dxr,A,1
1,Q9UH99,S641E,Q8WXH0-5,-3.714,4dxr,A,1
1,Q9UH99,S641E,Q8WXH0-6,-3.714,4dxr,A,1
1,Q9Y4K3,L74E,P61088,-5.138,3hct,A,1
1,P62805,R37A,Q71DI3,-5.7,1kx5,B,1
1,P38919,R206E,O15234,-4.636,3ex7,C,1
1,Q15013,Q83A,Q13257,-5.051,2qyf,B,1
1,Q13241,F114A,P13747,-6.849,1p1z,D,1
1,P01112,E37G,P04049,-5.816,4g0n,A,1
1,P01112,E37G,P04049-2,-5.816,4g0n,A,1
1,Q53EL6,D414A,P60842,-7.009,2zu6,B,1
1,Q99558,K430A,O14920-3,-4.995,4idt,B,1
0,P42773,T69A,Q00534,-1.462,1blx,B,0
1,O43521-3,G66A,Q92843,-4.158,3fdl,B,1
1,O43521-3,G66A,Q92843-2,-4.158,3fdl,B,1
0,Q13794,F32I,Q07817,2.254,3mqp,B,0
1,Q96F10,R126C,P21673,-5.809,2b4d,B,1
0,P61587,Y60A,O43157,-8.076,3su8,A,1
0,Q15019,H270D,Q14141-2,-8.617,2qag,A,1
0,Q15019,H270D,Q14141-3,-8.617,2qag,A,1
0,Q15019,H270D,Q14141-4,-8.617,2qag,A,1
1,P04049,R89L,P15056,-6.024,3ny5,D,1
0,P50616,Y50N,Q9UIV1,-4.392,2d5r,B,1
0,P50616,Y50N,Q9UIV1-2,-4.392,2d5r,B,1
1,P25815,F74V,P23297,-6.523,2y5i,B,1
1,P25815,I11A,P23297,-3.511,2y5i,B,1
0,P60891,N114S,P11908,-4.378,4f8e,B,1
0,P60891,N114S,P11908-2,-4.378,4f8e,B,1
1,Q9HCG8,N174A,P38919,-7.185,4c9b,B,1
1,Q9BZW8,E70A,P09326,-1.859,2ptt,B,0
1,P55957,D95A,Q07817,-7.647,1zy3,B,1
1,Q16665,V336E,P27540,-5.654,4h6j,A,1
1,Q16665,V336E,P27540-2,-5.654,4h6j,A,1
1,Q16665,V336E,P27540-3,-5.654,4h6j,A,1
0,P46527,Y88A,P07948,-7.84,1jsu,C,1
0,P46527,Y88A,P07948-2,-7.84,1jsu,C,1
1,P61587,L90R,O43157-2,-5.352,3su8,A,1
1,P61587,L90R,O43157,-5.352,3su8,A,1
1,Q92900,V204D,Q9HAU5,-6.459,2wjv,B,1
1,Q8N5H7-2,L469R,P56945-4,-5.813,3t6g,A,1
1,Q8N5H7-2,L469R,P56945-7,-5.813,3t6g,A,1
1,Q8N5H7-2,L469R,P56945-8,-5.813,3t6g,A,1
1,Q8N5H7-2,L469R,P56945,-5.813,3t6g,A,1
1,Q8N5H7-2,L469R,P56945-2,-5.813,3t6g,A,1
1,Q8N5H7-2,L469R,P56945-3,-5.813,3t6g,A,1
1,Q8N5H7-2,L469R,P56945-5,-5.813,3t6g,A,1
1,Q8N5H7-2,L469R,P56945-6,-5.813,3t6g,A,1
1,P02671,C184W,P02675,-10.62,3ghg,J,1
0,P26715,V213A,P13747,0.491,1p4l,D,0
1,P38919,H223D,P61326,-4.914,2j0s,A,1
1,Q13241,Q112A,P17693,-1.933,1p1z,D,0
1,Q9Y376,F178E,Q9P289,-8.243,2wtk,D,1
1,Q9Y376,F178E,Q9P289-2,-8.243,2wtk,D,1
1,Q9Y376,F178E,Q9P289-3,-8.243,3gni,A,1
1,Q9HAU5,F1171E,Q92900,-8.387,2wjv,E,1
1,Q9HAU5,F1171E,Q92900-2,-8.387,2wjv,E,1
1,Q13241,N160A,P17693,-2.464,1p1z,D,0
0,P07195,R172P,P00338-2,-5.608,4aj2,B,1
0,P07195,R172P,P00338-3,-5.608,4aj2,B,1
0,P07195,R172P,P00338-5,-5.608,4aj2,B,1
1,Q15836,L46P,Q9UNK0,-6.995,1gl2,A,1
1,O43521-3,G66E,Q07812,-6.236,3fdl,B,1
1,O43521-3,G66E,Q07812-2,-6.236,3fdl,B,1
1,O43521-3,G66E,Q07812-4,-6.236,2nl9,B,1
1,O43521-3,G66E,Q07812-5,-6.236,2nl9,B,1
1,O43521-3,G66E,Q07812-6,-6.236,2nl9,B,1
1,O43521-3,G66E,Q07812-7,-6.236,3fdl,B,1
1,O43521-3,G66E,Q07812-8,-6.236,3fdl,B,1
1,P15056,L515G,P04049,-7.388999999999999,4h58,C,1
1,P15056,L515G,P04049-2,-7.388999999999999,4h58,C,1
1,O14893,R213D,Q16637,-4.93,2leh,A,1
1,O14893,R213D,Q16637-2,-4.93,2leh,A,1
1,O14893,R213D,Q16637-3,-4.93,2leh,A,1
1,O14893,R213D,Q16637-4,-4.93,2leh,A,1
0,Q71DI3,M91G,P62805,-4.777,1kx5,A,1
1,Q96QK1,N725A,Q9UBQ0,-6.98,2r17,C,1
1,Q96QK1,N725A,Q9UBQ0-2,-6.98,2r17,C,1
1,Q13133,K273A,Q15788,-5.015,1p8d,A,1
1,Q13133,K273A,Q15788-2,-5.015,1p8d,A,1
1,Q13133,K273A,Q15788-3,-5.015,1p8d,A,1
1,Q8N423,Y61A,P17693,-5.17,2dyp,D,1
1,Q9UJM3,M346A,P00533,-5.71,4i21,C,1
1,Q15788,L694A,Q13133,-4.627,1p8d,C,1
1,Q15788,L694A,Q13133-2,-4.513999999999999,1p8d,C,1
1,Q15788,L694A,Q13133-3,-4.513999999999999,1p8d,C,1
1,Q13133,E441A,Q15788,-5.188,1p8d,A,1
1,Q13257,Y199A,Q12834,-7.399,4aez,H,1
0,P11362,P252R,P08620,-7.997999999999999,3ojv,C,1
1,Q13241,Q112A,P13747,-1.933,1p1z,D,0
0,O00311,I99T,Q9UBU7,-0.833,4f9a,C,0
1,O14980,F572A,O95149,-7.697,3nc0,D,1
1,Q13241,N160A,P13747,-2.464,1p1z,D,0
1,Q9Y4K3,L74R,P61088,-4.118,3hct,A,1
1,P51809,L157P,O15400,-5.818,1gl2,A,1
1,P51809,L157P,O15400-2,-5.818,1gl2,A,1
1,Q12918,Y201A,Q9UHP7,-1.165,4iop,B,0
1,Q12918,Y201A,Q9UHP7-2,-1.165,4iop,B,0
1,Q12918,Y201A,Q9UHP7-6,-1.165,4iop,B,0
0,Q16611,Y110E,P55957,-5.346,4bd2,A,1
0,Q16611,Y110E,P55957-2,-5.346,4bd2,A,1
0,Q13241,T146A,P13747,-2.604,1p1z,D,1
1,P11802,R24H,P42773,-3.982,1blx,A,1
1,P61326,D73K,Q9BRP8,-6.347,1rk8,B,1
1,Q96QK1,Q586A,Q9UBQ0,-5.372,2r17,C,1
1,Q96QK1,Q586A,Q9UBQ0-2,-5.372,2r17,C,1
1,Q9UBQ0,W93A,Q96QK1,-11.64,2r17,A,1
1,Q96QK1,R582D,Q9UBQ0,-6.539,2r17,C,1
1,Q96QK1,R582D,Q9UBQ0-2,-6.539,2r17,C,1
1,P01903,G53D,P28068,-4.826,4md4,A,1
1,P56945,L787E,Q8N5H7-4,-6.319,3t6g,B,1
1,Q9BV40,L16P,O43752,-6.858,2nps,A,1
1,Q13257,R133A,Q12834,-5.364,4aez,H,1
1,Q15836,T18P,O15400,-5.673,3hd7,E,1
1,Q15836,T18P,O15400-2,-5.673,1sfc,I,1
0,P02538,I462S,P13646,-5.543,3tnu,B,1
0,Q13794,K35E,Q92843,-3.627,3mqp,B,1
0,Q13794,K35E,Q92843-2,-3.627,3mqp,B,1
1,Q96QK1,Y729A,Q9UBQ0,-6.856,2r17,C,1
1,Q96QK1,Y729A,Q9UBQ0-2,-6.856,2r17,C,1
1,Q15836,V25P,O43752,-5.933,2nps,A,1
1,Q13241,E164A,P17693,-3.715,1p1z,D,1
0,P55211,P336S,Q13490,-7.721,1nw9,B,1
1,P52298,D107R,Q09161,-7.774,3fey,B,1
1,Q9NQT4,R96Q,Q96B26,0.102,2nn6,D,0
1,Q8IYM1,G169E,Q8WYJ6,-7.378,3sop,A,1
1,P61326,E117R,Q9BRP8,-3.908,1rk8,B,1
1,P61326,E117R,Q9BRP8-2,-3.908,1rk8,B,1
0,P46527,Y74A,P07948,-6.24,1jsu,C,1
0,P46527,Y74A,P07948-2,-6.24,1jsu,C,1
1,Q13418,M402A,Q9NVD7,-5.089,3rep,A,1
1,Q9UBQ0,P92G,Q96QK1,-8.689,2r17,A,1
1,Q12918,Y198A,Q9UHP7,-2.415,4iop,B,0
1,Q12918,Y198A,Q9UHP7-2,-2.415,4iop,B,0
1,Q12918,Y198A,Q9UHP7-3,-2.415,4iop,B,0
1,Q12918,Y198A,Q9UHP7-6,-2.415,4iop,B,0
0,P02538,I462S,P19012,-5.543,3tnu,B,1
1,P04637,F19A,Q09472,-6.206,2k8f,B,1
0,P60891,D183H,Q14558,-6.212,4f8e,B,1
0,P60891,D183H,Q14558-2,-6.212,4f8e,B,1
1,Q14457,L116A,Q16611,-2.6010000000000004,2pon,A,1
1,P01112,T35S,Q13671,-3.157,2ot3,B,1
1,P01112,T35S,Q13671-2,-3.157,2ot3,B,1
1,P01112,Y40C,Q13671,-8.041,2ot3,B,1
1,P01112,Y40C,Q13671-2,-8.041,2ot3,B,1
1,Q96NA2,R255A,P51149,-5.6770000000000005,1yhn,B,1
0,Q9Y248,L150S,Q9BRT9,-4.431,2eho,K,1
1,Q10567,V88D,P84077,-6.332,4hmy,B,1
1,Q96QK1,H675D,Q9UBQ0,-7.166,2r17,C,1
1,Q96QK1,H675D,Q9UBQ0-2,-7.166,2r17,C,1
1,Q8IYM1,D197N,Q8WYJ6,-4.913,3sop,A,1
1,Q9HAU4,C716A,P0CG47,-7.825,4bbn,A,1
1,Q9HAU4,C716A,P0CG47,-7.825,4bbn,A,1
1,O95149,N150A,O14980,-5.877999999999999,3nc0,E,1
0,Q13794,F32I,Q92843,2.254,3mqp,B,0
0,Q13794,F32I,Q92843-2,2.254,3mqp,B,0
1,P63279,H20D,P61956,-7.655,2uyz,A,1
1,P63279,H20D,P61956-2,-7.655,2uyz,A,1
1,O95149,L4A,O14980,-4.141,3nc0,E,1
1,P51809,T129P,Q9UNK0,-2.938,1gl2,A,1
1,Q92797,K185A,Q9NP77,-5.209,4h3k,D,1
1,Q92797,K185A,Q9NP77-2,-5.209,4h3k,D,1
1,P38919,F232R,O15234,-8.604,3ex7,C,1
0,P13646,R355H,P02538,-4.332,3tnu,A,1
0,P01903,F49S,P01911,-4.4,4i5b,D,1
1,A5PKW4,E621K,P62330,-3.825,1r8s,E,1
0,P07195,R172H,P00338-2,-3.823,4aj2,B,1
0,P07195,R172H,P00338-3,-3.823,4aj2,B,1
0,P07195,R172H,P00338-5,-3.823,4aj2,B,1
0,P61587,N86R,O43157-2,-5.037,3su8,A,1
0,P61587,N86R,O43157,-5.037,3su8,A,1
0,P40692,V213M,P54278-2,-1.863,1h7s,B,0
1,O95149,K144D,O14980,-5.212,3nc0,E,1
0,P13747,R129A,Q13241,-5.021,1p1z,A,1
0,P13747,R129A,Q13241-3,-5.021,1p1z,A,1
1,Q9Y4K3,L74H,P61088,-5.207000000000001,3hct,A,1
1,Q9BV40,L44P,O43752,-7.0,2nps,A,1
1,P04637,L25A,Q09472,-1.633,2k8f,B,0
1,Q16665,Y340T,P27540,-7.213,4h6j,A,1
1,Q16665,Y340T,P27540-2,-7.213,4h6j,A,1
1,Q16665,Y340T,P27540-3,-7.213,4h6j,A,1
1,Q16531,W561K,Q13619,-13.285,2hye,A,1
1,Q96QK1,F541D,Q9UBQ0,-4.606,2r17,C,1
1,Q96QK1,F541D,Q9UBQ0-2,-4.606,2r17,C,1
0,P13747,T235A,Q13241,-2.421,1p1z,A,0
0,P13747,T235A,Q13241-2,-2.421,1p4l,A,0
0,P13747,T235A,Q13241-3,-2.421,1p1z,A,0
1,Q9BV40,L16P,Q9UNK0,-6.858,1gl2,A,1
1,Q16665,P564G,Q96KS0,-8.041,3hqr,S,1
1,Q16665,P564G,Q96KS0-2,-8.041,3hqr,S,1
0,P11362,P252R,P09038,-7.999,1iil,H,1
0,P11362,P252R,P09038-1,-7.997999999999999,1cvs,D,1
0,P11362,P252R,P09038-2,-7.997999999999999,1cvs,D,1
0,P11362,P252R,P09038-3,-7.997999999999999,1cvs,D,1
1,O14641,Y27D,O15169,-7.03,2d5g,A,1
1,O14641,Y27D,O15169-2,-7.03,2d5g,A,1
1,O15085,R868G,P61586,-6.442,3qbv,D,1
1,P84243,G91V,P62805,0.418,1kx5,E,0
0,O43543,V160I,O75771-4,-0.3329999999999999,1pzn,G,0
0,O43543,V160I,O75771-7,-0.3329999999999999,1pzn,G,0
1,O15111,K44M,P25963,-4.523,3zu7,A,1
0,P11362,P252R,P31371,-7.997999999999999,3ojv,C,1
0,P12272,I64L,Q03431,0.017,3h3g,B,0
1,P04637,L22A,Q09472,-3.804,2k8f,B,1
1,O15085,R872D,P61586,-4.047,3qbv,D,1
1,P61326,E68R,Q9BRP8,-4.194,1rk8,B,1
1,P61326,E68R,Q9BRP8-2,-4.194,1rk8,B,1
1,Q8NI22,D122V,P49257,-8.429,3lcp,D,1
1,Q13257,W167A,Q12834,-12.048,4aez,H,1
0,P01133,L996V,P00533-3,0.415,1nql,B,0
0,P01133,H980Y,P00533,-1.902,1nql,B,0
0,P01133,H980Y,P00533-2,-1.902,1nql,B,0
0,P01133,H980Y,P00533-3,-1.902,1nql,B,0
0,P01133,H980Y,P00533-3,-1.902,3ltf,D,0
0,P01133,H980Y,P00533-4,-1.902,1nql,B,0
1,Q92900,E182R,Q9HAU5,-4.609,2wjv,B,1
0,Q13241,N158A,P13747,-1.161,1p1z,D,0
1,P10276,P375L,P48443,-8.417,1xdk,B,1
1,Q8IYM1,D197N,Q14141,-4.913,2qag,A,1
1,Q8IYM1,D197N,Q14141-2,-4.913,2qag,A,1
1,Q8IYM1,D197N,Q14141-3,-4.913,2qag,A,1
1,Q8IYM1,D197N,Q14141-4,-4.913,2qag,A,1
1,Q92692,F145A,Q495A1,-6.167999999999999,3udw,C,1
1,Q92692,F145A,Q495A1-2,-6.167999999999999,3udw,C,1
1,Q9BV36,R35V,P51159-2,-7.4,2zet,D,1
1,Q9BV36,R35V,P51159,-7.4,2zet,C,1
1,Q96QK1,T629D,Q9UBQ0,-4.808,2r17,C,1
1,Q96QK1,T629D,Q9UBQ0-2,-4.808,2r17,C,1
0,P02489,R116C,P02511,-6.864,3n3e,B,1
0,Q9UK55,E404A,P00742,-4.843999999999999,2gd4,I,1
1,Q10567,I85D,P84077,-6.332999999999999,4hmy,B,1
0,P02538,I462S,O76015,-5.543,3tnu,B,1
0,P13489,Y438A,P03950,-7.393,3tsr,F,1
1,O43809,Y160A,Q16630-3,-7.667000000000001,3q2s,B,1
1,O43809,Y160A,Q16630,-7.667000000000001,3p5t,C,1
1,O43809,Y160A,Q16630-2,-7.667000000000001,3p5t,C,1
1,Q96I25,R375A,P26368,-5.632,3v4m,B,1
1,Q96I25,R375A,P26368-2,-5.632,3v4m,B,1
0,Q96CA5,H164R,P55211,-1.348,1nw9,A,0
0,Q96CA5,H164R,P55211-2,-1.348,1nw9,A,0
0,Q96CA5,H164R,P55211-4,-1.348,1nw9,A,0
1,Q9Y2M5,L148A,Q13618,-4.701,4hxi,A,1
1,Q16665,P564G,Q9GZT9-2,-8.041,3hqr,S,1
1,Q16665,P564G,Q9GZT9-3,-8.041,3hqr,S,1
1,Q16665,P564G,Q9GZT9,-8.041,3hqr,S,1
1,Q99558,K430A,O15111,-4.995,4idt,B,1
0,Q8WXD5,S25N,Q9H840,-0.608,1y96,A,0
0,P52294,T433M,Q9UKX7,-5.077,3tj3,A,1
1,P84077,L77D,Q10567-2,-7.282,4hmy,C,1
1,P84077,L77D,Q10567-3,-7.282,4hmy,C,1
1,P84077,L77D,Q10567-4,-7.282,4hmy,C,1
1,P84077,L77D,Q10567,-7.282,4hmy,C,1
1,Q99814,Q322E,P27540,-2.727,3f1p,A,1
1,Q99814,Q322E,P27540-2,-2.727,3f1p,A,1
1,Q99814,Q322E,P27540-3,-2.727,3f1p,A,1
1,Q9BV40,L44P,Q9UNK0,-7.0,1gl2,A,1
0,P11802,R24H,P55273,-3.982,1blx,A,1
0,P40692,F80V,P54278,-5.916,1h7s,B,1
0,P40692,F80V,P54278-3,-5.916,1h7s,B,1
1,Q14457,G120E,Q07817-3,-2.854,2pon,A,1
1,Q14457,G120E,Q07817,-2.854,2pon,A,1
1,O43541,G471S,Q15797,-5.485,1khu,A,1
1,Q07812,D68R,Q07817,-5.985,4a1w,D,1
1,P61224,F64A,P47736,-7.071000000000001,3brw,D,1
1,P61224,F64A,P47736-2,-7.071000000000001,3brw,D,1
1,P61224,F64A,P47736-3,-7.071000000000001,3brw,D,1
1,P61224,F64A,P47736-4,-7.071000000000001,3brw,D,1
1,Q8WXH0,Y6878A,Q9UH99,-8.333,4dxr,B,1
1,Q8WXH0,Y6878A,Q9UH99-2,-8.333,4dxr,B,1
1,Q8WXH0,Y6878A,Q9UH99-3,-8.333,4dxr,B,1
1,Q9BV40,V20P,O15400,-5.996,1gl2,A,1
1,Q9BV40,V20P,O15400-2,-5.996,1gl2,A,1
1,Q15836,L53P,Q9UNK0,-7.0,1gl2,A,1
1,Q16531,A400D,Q13619,-5.627,2hye,A,1
1,O15085,D873N,P61586,-4.657,3qbv,D,1
1,P38919,R179E,O15234,-3.397,3ex7,C,1
1,P11940,K580A,Q9BPZ3,-4.925,1jgn,A,1
1,Q15672,L159F,P15923,-3.958,2ypa,A,1
1,Q15672,L159F,P15923-2,-3.958,2ypa,A,1
0,Q16611,L163V,Q07817,-2.228,4a1w,D,0
0,Q16611,L163V,Q07817-3,-2.261,3zlr,A,0
1,P25815,F74G,P23297,-8.523,2y5i,B,1
0,P11802,S52N,P42772,-2.457,1bi7,A,0
0,O00267,I194V,P63272,-0.73,3h7h,B,0
1,P51809,L157P,Q9UNK0,-5.818,1gl2,A,1
1,Q13133,I442A,Q15788,-4.332,1p8d,A,1
1,Q13133,I442A,Q15788-2,-4.321000000000001,1p8d,A,1
1,Q13133,I442A,Q15788-3,-4.321000000000001,1p8d,A,1
1,Q8IXQ5,A153T,Q13618-2,-3.503,4hxi,A,1
0,P11802,R24C,P55273,-6.472,1blx,A,1
1,Q99814,Y342T,P27540,-8.241,3f1p,A,1
1,Q99814,Y342T,P27540-2,-8.241,3f1p,A,1
1,Q99814,Y342T,P27540-3,-8.241,3f1p,A,1
1,Q9BV40,L51P,O15400,-7.0,1gl2,A,1
1,Q9BV40,L51P,O15400-2,-7.0,1gl2,A,1
1,Q8WXH0,P6883A,Q9UH99,-7.597,4dxr,B,1
1,Q8WXH0,P6883A,Q9UH99-2,-7.597,4dxr,B,1
1,Q8WXH0,P6883A,Q9UH99-3,-7.597,4dxr,B,1
1,P42773,F37I,Q00534,-4.989,1blx,B,1
1,P84243,E95A,P62805,-5.789,1kx5,E,1
0,Q495M9,E393D,Q9Y6N9-4,-1.327,3k1r,B,0
0,Q495M9,E393D,Q9Y6N9-3,-1.327,3k1r,B,0
0,Q495M9,E393D,Q9Y6N9,-1.327,3k1r,B,0
0,Q495M9,E393D,Q9Y6N9-5,-1.327,3k1r,B,0
1,Q9HCG8,N171A,P38919,-7.419,4c9b,B,1
1,P10276,P375L,P28702,-8.417,1xdk,B,1
1,P10276,P375L,P28702-3,-8.417,1xdk,B,1
1,P55957,G94A,Q92843,-5.708,1zy3,B,1
1,P15056,I666R,Q02750,-5.928999999999999,2y4i,B,1
1,P63279,R17E,P61956,-4.436,2uyz,A,1
1,P63279,R17E,P61956-2,-4.436,2uyz,A,1
1,Q07812,M74E,Q92843,-3.506,2y6w,A,1
1,Q07812,M74E,Q92843-2,-3.506,2y6w,A,1
0,Q14203,Q93R,P30622,-3.026,2hl3,B,1
0,Q14203,Q93R,P30622,-3.026,2hl3,B,1
0,Q14203,Q93R,P30622-1,-3.026,2hl3,B,1
0,Q14203,Q93R,P30622-1,-3.026,2hl3,B,1
0,Q14203,Q93R,P30622-2,-3.026,2hl3,B,1
0,Q14203,Q93R,P30622-2,-3.026,2hl3,B,1
0,O43617,K32Q,O75865,-3.033,2j3t,A,1
0,O43617,K32Q,O75865-2,-3.033,2j3t,A,1
1,P51809,T129P,O43752,-2.938,2nps,A,1
0,P02538,I462S,Q15323,-5.543,3tnu,B,1
1,P61326,E72R,Q9BRP8,-4.843,1rk8,B,1
1,P61326,E72R,Q9BRP8-2,-4.843,1rk8,B,1
1,Q96AX1,Y438P,Q9H269,-6.982,4bx9,A,1
1,Q96AX1,Y438P,Q9H269-2,-6.982,4bx9,A,1
0,O95405,A797P,P84022,-2.682,1dev,B,1
0,O95405,A797P,P84022-4,-2.682,1dev,B,1
0,O95405,A797P,P84022-2,-2.682,1dev,B,1
0,O95405,A797P,P84022-3,-2.682,1dev,B,1
1,O14965,G198L,Q9NQS7,-8.797,4af3,A,1
1,O14965,G198L,Q9NQS7-2,-8.797,4af3,A,1
1,Q9Y376,M260E,Q9P289-3,-6.46,3gni,A,1
1,P61326,E72A,Q9BRP8,-5.779,1rk8,B,1
1,P61326,E72A,Q9BRP8-2,-5.779,1rk8,B,1
0,P01133,D973Y,P00533,3.892,1nql,B,0
0,P01133,D973Y,P00533-2,3.892,1nql,B,0
0,P01133,D973Y,P00533-4,3.892,1nql,B,0
1,O43521-3,G66E,Q92843,-6.236,3fdl,B,1
1,O43521-3,G66E,Q92843-2,-6.236,3fdl,B,1
0,Q00534,D110N,P42773,-1.769,1blx,A,0
1,Q96AX1,Y438D,Q9H269,-6.764,4bx9,A,1
1,Q96AX1,Y438D,Q9H269-2,-6.764,4bx9,A,1
1,P38919,Y205A,O15234,-8.331,3ex7,C,1
0,P62195,R258W,P43686-2,-7.578,4ko8,A,1
0,P62195,R258W,P43686,-7.578,4ko8,B,1
1,Q53EL6,D253A,P60842-2,-7.524,3eiq,C,1
1,Q96AX1,K429D,Q9H269,-4.549,4bx9,A,1
1,Q96AX1,K429D,Q9H269-2,-4.549,4bx9,A,1
1,Q13542,L59A,P06730,-4.876,3am7,B,1
1,Q13542,L59A,P06730-2,-4.876,3am7,B,1
1,Q13542,L59A,P06730-2,-4.876,3am7,B,1
1,Q13542,L59A,P06730-3,-4.876,3am7,B,1
1,Q9UBQ0,L142D,Q96QK1,-4.814,2r17,A,1
0,P51587,V1532I,Q06609-2,-0.793,1n0w,B,0
0,P51587,V1532I,Q06609-3,-0.793,1n0w,B,0
0,P51587,V1532I,Q06609,-0.793,1n0w,B,0
0,P51587,V1532I,Q06609-4,-0.793,1n0w,B,0
0,P46527,Y89A,P07948,-0.78,1jsu,C,0
0,P46527,Y89A,P07948-2,-0.78,1jsu,C,0
1,Q15836,L46P,O15400,-6.995,3hd7,E,1
1,Q15836,L46P,O15400-2,-6.995,1sfc,I,1
0,P16220,S142L,Q92793,-4.836,1kdx,B,1
0,P16220,S142L,Q92793-2,-4.836,1kdx,B,1
0,P26715,Q212A,P13747,-1.603,1p4l,D,0
1,P56945,F794R,Q8N5H7,-8.124,3t6g,B,1
1,P56945,F794R,Q8N5H7-3,-8.124,3t6g,B,1
1,P56945,F794R,Q8N5H7-5,-8.124,3t6g,B,1
1,P56945,F794R,Q8N5H7-2,-8.124,3t6g,B,1
1,P56945,F794R,Q8N5H7-4,-8.124,3t6g,B,1
1,P56945,F794R,Q8N5H7-6,-8.124,3t6g,B,1
1,Q14457,F123A,Q16611,-6.944,2pon,A,1
1,Q9Y2M5,I111A,Q13618,-3.513,4hxi,A,1
0,P13646,R355H,P35908,-4.332,3tnu,A,1
1,P61224,Q63E,P47736,-2.614,3brw,D,1
1,P61224,Q63E,P47736-2,-2.614,3brw,D,1
1,P61224,Q63E,P47736-3,-2.614,3brw,D,1
1,P61224,Q63E,P47736-4,-2.614,3brw,D,1
0,P16220,S142L,Q09472,-4.836,1kdx,B,1
0,P01116-2,K128A,P04049-2,-3.2230000000000003,2v55,D,1
0,P13489,Y435A,P03950,-7.84,3tsr,F,1
1,Q9Y570,S156A,P67775,-2.524,3c5w,P,1
1,Q9Y570,S156A,P67775-2,-2.524,3c5w,P,1
1,Q15013,F191A,Q13257,-7.064,2qyf,B,1
0,P55211,P336S,P98170,-7.721,1nw9,B,1
1,P84243,G91V,Q9UER7,0.418,4hga,B,0
1,P84243,G91V,Q9UER7-3,0.418,4hga,B,0
1,O14980,F561A,O95149,-7.697,3nc0,D,1
0,O75771,R165Q,O43543,2.379,1pzn,B,0
0,Q15843,A72R,P62837,-3.911,4ap4,F,1
1,P55957,D95A,Q92843,-7.647,1zy3,B,1
1,Q9Y376,R227A,O95747,-5.332,3gni,A,1
1,Q9Y294,D37A,P54198,-7.399,2i32,B,1
1,Q9Y294,D37A,P54198-2,-7.399,2i32,B,1
1,P25815,I75G,P23297,-6.351,2y5i,B,1
1,Q9Y376,R227A,Q9UEW8,-5.332,3gni,A,1
1,P01903,G53H,P28068,-5.837000000000001,4md4,A,1
1,P54727,L8A,P55036,-3.88,1uel,A,1
1,Q8NI22,D89A,P49257,-7.867,3lcp,D,1
1,P51809,L136P,Q9UNK0,-6.266,1gl2,A,1
0,Q9Y248,D24G,Q9BRT9,-3.491,2eho,K,1
0,P13747,T235A,P26715,-2.421,1p4l,A,0
0,P13747,T235A,P26715-2,-2.421,1p4l,A,0
1,P61081,N113A,Q15843,-7.917000000000001,4ap4,E,1
1,Q15788,L693A,Q13133,-4.115,1p8d,C,1
0,O15111,S176E,P25963,-3.429,3zu7,A,1
1,O43521-3,G66A,P10415,-4.158,1pq1,B,1
1,O43521-3,G66A,P10415-2,-4.158,3fdl,B,1
0,Q00987,Y489F,O15151,-3.785,2vje,A,1
0,Q00987,Y489F,O15151-4,-3.785,2vje,A,1
0,Q00987,Y489F,O15151-5,-3.785,2vje,A,1
0,P40692,C77R,P54278,-10.467,1h7s,B,1
0,P40692,C77R,P54278-3,-10.467,1h7s,B,1
1,P15056,R509H,P04049,-4.628,4h58,C,1
1,P15056,R509H,P04049-2,-4.628,4h58,C,1
1,O15085,R867Q,P61586,-3.681,3qbv,D,1
0,P00533,L858R,Q9NSE2-2,-4.914,4gl9,A,1
0,O00311,I99L,Q9UBU7,-0.6709999999999999,4f9a,C,0
1,Q15836,L53P,O43752,-7.0,2nps,A,1
1,P38919,T178D,O15234,-5.156,3ex7,C,1
1,Q96QK1,R637D,Q9UBQ0,-2.954,2r17,C,1
1,Q96QK1,R637D,Q9UBQ0-2,-2.954,2r17,C,1
1,P23297,L12H,P25815,-5.819,2y5i,A,1
1,Q9H334,W534R,O15409,-12.793,2a07,I,1
1,Q9H334,W534R,O15409-2,-12.793,2a07,I,1
1,Q9H334,W534R,O15409-4,-12.793,2a07,I,1
1,Q9H334,W534R,O15409-9,-12.793,2a07,I,1
1,Q13241,L162A,P17693,-3.973,1p1z,D,1
1,O15111,K44A,P25963,-4.636,3zu7,A,1
0,Q12918,E200R,Q9UHP7,-4.557,4iop,B,1
0,Q12918,E200R,Q9UHP7-2,-4.557,4iop,B,1
0,Q12918,E200R,Q9UHP7-3,-4.557,4iop,B,1
0,Q12918,E200R,Q9UHP7-6,-4.557,4iop,B,1
1,Q13542,Y54A,P06730,-8.783,3am7,B,1
1,Q13542,Y54A,P06730-2,-8.783,3am7,B,1
1,Q13542,Y54A,P06730-2,-8.783,3am7,B,1
1,Q13542,Y54A,P06730-3,-8.783,3am7,B,1
1,Q9BV36,R35F,P51159-2,-7.385,2zet,D,1
1,Q9BV36,R35F,P51159,-7.385,2zet,C,1
1,P25815,F71A,P23297,-8.0,2y5i,B,1
1,P84077,I49D,Q10567-2,-6.015,4hmy,C,1
1,P84077,I49D,Q10567-3,-6.015,4hmy,C,1
1,P84077,I49D,Q10567-4,-6.015,4hmy,C,1
1,P84077,I49D,Q10567,-6.015,4hmy,C,1
1,P25815,I12A,P23297,-4.539,2y5i,B,1
1,Q9Y4K3,I72F,P61088,-3.203,3hct,A,1
1,P51809,L157P,O43752,-5.818,2nps,A,1
0,P21912,R177A,P31040,-5.507999999999999,1zoy,B,1
0,Q14203,Q93K,P30622,-3.026,2hl3,B,1
0,Q14203,Q93K,P30622,-3.026,2hl3,B,1
0,Q14203,Q93K,P30622-1,-3.026,2hl3,B,1
0,Q14203,Q93K,P30622-1,-3.026,2hl3,B,1
0,Q14203,Q93K,P30622-2,-3.026,2hl3,B,1
0,Q14203,Q93K,P30622-2,-3.026,2hl3,B,1
0,P01270,H63A,Q03431,-6.289,3c4m,D,1
1,P13501,E49A,P02776,-4.598,1ilp,B,1
1,P51809,T129P,O15400,-2.938,1gl2,A,1
1,P51809,T129P,O15400-2,-2.938,1gl2,A,1
0,P00492,P38S,Q9NRG1,-6.828,3ggc,A,1
0,P00492,P38S,Q9NRG1-2,-6.828,3ggc,A,1
1,P61326,D66R,Q9BRP8,-5.765,1rk8,B,1
1,P61326,D66R,Q9BRP8-2,-5.765,1rk8,B,1
1,P02671,C184W,P02679,-10.628,3ghg,A,1
1,P02671,C184W,P02679-2,-10.628,3ghg,A,1
1,Q9Y4K3,L74K,P61088,-4.131,3hct,A,1
1,P61587,V87R,O43157-2,-6.149,3su8,A,1
1,P61587,V87R,O43157,-6.149,3su8,A,1
0,Q9Y248,I26T,Q9BRT9,-2.377,2eho,K,0
1,Q9UBQ0,A141D,Q96QK1,-2.123,2r17,A,0
1,Q9UBQ0,G94P,Q96QK1,-7.288,2r17,A,1
1,Q9BZW8,K68A,P09326,-0.323,2ptt,B,0
0,O00311,K416T,Q9UBU7,-5.265,4f9a,C,1
1,Q9UJM3,Y358A,P00533,-8.79,4i21,C,1
1,Q9BV40,L16P,O15400,-6.858,1gl2,A,1
1,Q9BV40,L16P,O15400-2,-6.858,1gl2,A,1
1,Q9H269,R725E,Q96AX1,-4.211,4bx9,C,1
1,Q07812,M74R,Q92843,-3.263,2y6w,A,1
1,Q07812,M74R,Q92843-2,-3.263,2y6w,A,1
1,Q9UBQ0,W93D,Q96QK1,-12.668,2r17,A,1
1,P16144,R1281A,Q15149,-5.745,3f7p,C,1
1,P16144,R1281A,Q15149-2,-5.745,3f7p,C,1
1,P16144,R1281A,Q15149-4,-5.745,3f7p,C,1
1,P16144,R1281A,Q15149-5,-5.745,3f7p,C,1
1,P16144,R1281A,Q15149-8,-5.745,3f7p,C,1
1,P16144,R1281A,Q15149-9,-5.745,3f7p,C,1
1,P11940,K580A,Q9H074,-4.859,1jh4,A,1
0,P11802,N41S,P42772,-0.93,1bi7,A,0
1,Q15836,V25P,O15400,-5.933,3hd7,E,1
1,Q15836,V25P,O15400-2,-5.933,1sfc,I,1
1,Q16665,P564G,Q9H6Z9,-8.041,3hqr,S,1
1,Q8IWE4,D271A,Q13618-2,-7.28,3tdu,A,1
1,Q8IWE4,D271A,Q13618-3,-7.28,3tdu,A,1
1,Q8IWE4,D271A,Q13618,-7.28,3tdu,A,1
1,Q8WXH0,L6876A,Q9UH99,-4.654,4dxr,B,1
1,Q8WXH0,L6876A,Q9UH99-2,-4.654,4dxr,B,1
1,Q8WXH0,L6876A,Q9UH99-3,-4.654,4dxr,B,1
0,P63272,L10V,O00267,-2.101,3h7h,A,0
0,P63272,L10V,O00267-2,-2.101,3h7h,A,0
1,O15085,I876M,P61586,-2.436,3qbv,D,0
1,P63279,V25M,P63165,-2.165,2uyz,A,0
1,P63279,V25M,P63165-2,-2.165,2uyz,A,0
0,Q8WXD5,V57L,Q9H840,-1.166,1y96,A,0
1,Q96AX1,I441K,Q9H269,-4.376,4bx9,A,1
1,Q96AX1,I441K,Q9H269-2,-4.376,4bx9,A,1
1,Q13241,F114A,P17693,-6.849,1p1z,D,1
1,P01903,G53H,P01911,-5.837000000000001,4i5b,D,1
0,P26715,K217A,P13747,-2.289,1p4l,D,0
1,Q92730,E48A,O43157,-4.477,3su8,A,1
1,Q92730,E48A,O43157-2,-4.477,3su8,A,1
1,Q9BV36,R35W,P51159-2,-7.576,2zet,D,1
1,Q9BV36,R35W,P51159,-7.576,2zet,C,1
1,Q9Y4K3,I72K,P61088,-5.305,3hct,A,1
1,Q99814,M338E,P27540,-3.982,3f1p,A,1
1,Q99814,M338E,P27540-2,-3.982,3f1p,A,1
1,Q99814,M338E,P27540-3,-3.982,3f1p,A,1
0,P11362,P252R,P10767,-7.997999999999999,1cvs,D,1
1,Q9UJM3,F352A,P00533,-7.662999999999999,4i21,C,1
1,P62805,R36A,Q71DI3,-5.58,1kx5,B,1
0,P46734,T222E,Q9Y463,-5.535,3anq,D,1
0,P46734,T222E,Q9Y463-2,-5.535,3anq,D,1
0,P46734,T222E,Q9Y463-3,-5.535,3anq,D,1
0,P01270,K58L,Q03431,-4.039,3c4m,D,1
0,Q9H840,R68C,Q8WXD5,-6.801,1y96,B,1
1,Q99728,V695L,P38398,-2.357,2nte,A,0
1,P54198,L464D,Q9Y294,-6.845,2i32,F,1
1,Q9Y570,H349A,P67775,-9.852,3c5w,P,1
1,Q9BV40,L44P,O15400,-7.0,1gl2,A,1
1,Q9BV40,L44P,O15400-2,-7.0,1gl2,A,1
0,O00311,Q106R,Q9UBU7,-3.867,4f9a,C,1
1,Q9HAU5,F1113E,Q92900,-8.573,2wjv,E,1
1,Q9HAU5,F1113E,Q92900-2,-8.573,2wjv,E,1
1,Q15836,T18P,Q9UNK0,-5.673,1gl2,A,1
1,P01100,K176N,P05412,-4.897,1fos,G,1
1,Q16531,R589E,Q13619,-4.597,2hye,A,1
1,Q71DI3,R64A,P62805,-5.741,1kx5,A,1
0,Q9UBU7,L306I,O00311,-1.66,4f9a,D,0
0,Q13241,T146A,P17693,-2.604,1p1z,D,1
0,P61587,F124Y,O43157-2,-0.546,3su8,A,0
0,P61587,F124Y,O43157,-0.546,3su8,A,0
1,Q15836,L53P,O15400,-7.0,3hd7,E,1
1,Q15836,L53P,O15400-2,-7.0,1sfc,I,1
1,Q53EL6,E249A,P60842-2,-4.244,3eiq,C,1
1,Q9HAU5,L1174E,Q92900,-5.088,2wjv,E,1
1,Q9HAU5,L1174E,Q92900-2,-5.088,2wjv,E,1
1,P51809,L136P,O43752,-6.266,2nps,A,1
1,O14965,G198A,Q9NQS7,-5.311,4af3,A,1
1,O14965,G198A,Q9NQS7-2,-5.311,4af3,A,1
1,Q9HCG8,K172A,P38919,-5.606,4c9b,B,1
1,Q9Y376,V224E,Q9P289,-5.332,2wtk,D,1
1,Q9Y376,V224E,Q9P289-2,-5.332,2wtk,D,1
1,Q9Y376,V224E,Q9P289-3,-5.332,3gni,A,1
1,P01112,Y40C,P04049,-8.041,4g0n,A,1
1,P01112,Y40C,P04049-2,-8.041,4g0n,A,1
1,O14980,L525A,O95149,-4.811,3nc0,D,1
1,Q96B26,D202V,Q9NQT4,-7.146,2nn6,C,1
1,O14796,R31K,Q9UN19-2,-2.85,1d1z,D,1
0,P63272,S65N,O00267,-1.512,3h7h,A,0
0,P63272,S65N,O00267-2,-1.512,3h7h,A,0
0,Q13241,N148A,P17693,-5.635,1p1z,D,1
1,Q9H4D5,R409W,Q9UKK6,-4.699,1jkg,B,1
1,O14980,I521A,O95149,-4.811,3nc0,D,1
0,P35908,L484P,P13646,-6.851,3tnu,B,1
1,O43809,Y158A,Q16630-3,-7.473,3q2s,B,1
1,O43809,Y158A,Q16630,-7.473,3p5t,C,1
1,O43809,Y158A,Q16630-2,-7.473,3p5t,C,1
0,P63000,G12V,P52757-5,-4.637,2ngr,A,1
0,P63000,G12V,P52757-6,-4.637,2ngr,A,1
0,P63000,G12V,P52757-7,-4.637,2ngr,A,1
0,P63000,G12V,P52757-9,-4.637,2ngr,A,1
0,P35908,L484P,P08727,-6.851,3tnu,B,1
1,Q07812,M74D,Q92843,-4.292,2y6w,A,1
1,Q07812,M74D,Q92843-2,-4.292,2y6w,A,1
0,P68431,S88A,Q9UER7,-2.091,4h9n,A,0
1,P61326,K41D,P38919,-5.583,2j0s,C,1
0,Q13241,N148A,P13747,-5.635,1p1z,D,1
0,P12272,I67A,Q03431,-3.531,3h3g,B,1
1,P40337,C162F,Q15369-2,-9.979,4ajy,V,1
1,P40337,C162F,Q15369,-9.979,4ajy,V,1
1,O95149,Y147A,O14980,-6.191,3nc0,E,1
1,Q9NPD8,R60E,Q9NW38,-4.667,4ccg,A,1
1,Q9NPD8,R60E,Q9NW38-2,-4.667,4ccg,A,1
0,P42771,M53I,Q00534,-3.665,1bi7,B,1
1,Q9Y2M5,C146A,Q13618-2,-4.732,4hxi,A,1
1,Q9Y2M5,C146A,Q13618-3,-4.732,4hxi,A,1
1,Q9Y2M5,C146A,Q13618,-4.729,4hxi,A,1
0,P35908,L484P,P19012,-6.795,3tnu,B,1
1,Q9UBQ0,R104D,Q96QK1,-6.802,2r17,A,1
1,Q9Y376,M260A,Q7RTN6,-5.537,2wtk,D,1
1,Q07820,L213A,Q07812,-3.14,4bd8,A,1
1,Q07820,L213A,Q07812-2,-3.14,4bd8,A,1
1,Q07820,L213A,Q07812-7,-3.14,4bd7,A,1
1,Q07820,L213A,Q07812-8,-3.14,4bd8,A,1
1,P11802,R24C,P42773,-6.472,1blx,A,1
1,P61326,E20R,P38919,-4.293,2j0s,C,1
1,P15056,M517W,P04049,-5.553,4h58,C,1
1,P15056,M517W,P04049-2,-5.553,4h58,C,1
1,P56945,D797R,Q8N5H7-4,-7.221,3t6g,B,1
1,Q9BV40,V20P,O43752,-5.996,2nps,A,1
1,P16144,R1225H,Q15149,-4.91,3f7p,C,1
1,P16144,R1225H,Q15149-2,-4.91,3f7p,C,1
1,P16144,R1225H,Q15149-4,-4.91,3f7p,C,1
1,P16144,R1225H,Q15149-5,-4.91,3f7p,C,1
1,P16144,R1225H,Q15149-6,-4.91,3f7p,C,1
1,P16144,R1225H,Q15149-7,-4.91,3f7p,C,1
1,P16144,R1225H,Q15149-8,-4.91,3f7p,C,1
1,P16144,R1225H,Q15149-9,-4.91,3f7p,C,1
1,P48059,F42A,Q13418,-7.076,4hi8,B,1
1,P84077,H80D,Q10567-2,-8.181,4hmy,C,1
1,P84077,H80D,Q10567-3,-8.181,4hmy,C,1
1,P84077,H80D,Q10567-4,-8.181,4hmy,C,1
1,P84077,H80D,Q10567,-8.181,4hmy,C,1
0,P01133,K998R,P00533-3,-0.318,1nql,B,0
0,P01133,K998R,P00533-3,-0.318,3ltf,D,0
1,Q16665,Q320E,P27540,-2.878,4h6j,A,1
1,Q16665,Q320E,P27540-2,-2.878,4h6j,A,1
1,Q16665,Q320E,P27540-3,-2.878,4h6j,A,1
1,O43521-3,G66A,Q07817-3,-4.158,3fdl,B,1
1,O43521-3,G66A,Q07817,-4.158,3fdl,B,1
1,Q9Y3B2,P10L,Q9NQT4,-6.725,2nn6,I,1
1,P84243,S58A,P62805,-2.87,1kx5,E,1
1,O95149,L8A,O14980,-4.058,3nc0,E,1
0,P01903,F49S,P02686,-4.4,1fv1,D,1
0,P01903,F49S,P02686-3,-4.4,1fv1,D,1
0,P01903,F49S,P02686-4,-4.4,1fv1,D,1
0,P01903,F49S,P02686-5,-4.4,1fv1,D,1
0,P01903,F49S,P02686-6,-4.4,1fv1,D,1
0,P01270,V62A,Q03431,-3.117,3c4m,D,1
1,Q92900,V205I,Q9HAU5,-0.918,2wjv,B,0
1,Q9BV40,L51P,O43752,-7.0,2nps,A,1
1,Q14457,L116A,Q07817-3,-2.73,2pon,A,1
1,Q14457,L116A,Q07817,-2.73,2pon,A,1
1,Q12918,E200A,Q9UHP7,-5.323,4iop,B,1
1,Q12918,E200A,Q9UHP7-2,-5.323,4iop,B,1
1,Q12918,E200A,Q9UHP7-3,-5.323,4iop,B,1
1,Q12918,E200A,Q9UHP7-6,-5.323,4iop,B,1
1,P84243,C111E,Q9NVP2,-11.705,4eo5,B,1
1,P01116,E37G,P50749,-5.816,3ddc,A,1
1,Q96I25,R375D,P26368,-6.591,3v4m,B,1
1,Q96I25,R375D,P26368-2,-6.591,3v4m,B,1
1,Q9Y570,S156T,P67775,-2.674,3c5w,P,1
1,Q9Y570,S156T,P67775-2,-2.674,3c5w,P,1
1,Q9UH99,H628A,Q8WXH0-3,-9.118,4dxr,A,1
1,Q9UH99,H628A,Q8WXH0-4,-9.118,4dxr,A,1
1,Q9UH99,H628A,Q8WXH0-7,-9.118,4dxr,A,1
1,Q9UH99,H628A,Q8WXH0,-9.118,4dxr,A,1
1,Q9UH99,H628A,Q8WXH0-2,-9.118,4dxr,A,1
1,Q9UH99,H628A,Q8WXH0-5,-9.118,4dxr,A,1
1,Q9UH99,H628A,Q8WXH0-6,-9.118,4dxr,A,1
1,Q13241,D163A,P17693,-5.991,1p1z,D,1
1,Q8IWE4,D241A,Q13618,-7.497,3tdu,A,1
0,P42771,M53I,P11802,-3.665,1bi7,B,1
1,Q9BV36,R35K,P51159-2,-2.78,2zet,D,1
1,Q9BV36,R35K,P51159,-2.78,2zet,C,1
0,P84022,T330A,O95405,-4.178,1dev,A,1
1,Q9UBU9,H457A,Q9UKK6,-8.761,1jkg,B,1
0,P26715,Q220A,P13747,-0.626,1p4l,D,0
1,O14788,R223A,Q9Y6Q6,-5.3,3qbq,A,1
1,O14788,R223A,Q9Y6Q6-2,-5.3,3qbq,A,1
1,Q9H4D5,R409W,Q9NPJ8-2,-4.699,1jkg,B,1
1,Q9H4D5,R409W,Q9NPJ8,-4.699,1jkg,B,1
1,Q9H4D5,R409W,Q9NPJ8-3,-4.699,1jkg,B,1
0,P01133,K998S,P00533-3,0.026,1nql,B,0
0,P01133,K998S,P00533-3,0.026,3ltf,D,0
1,P84243,G91L,Q9UER7,0.962,4hga,B,0
1,P84243,G91L,Q9UER7-3,0.962,4hga,B,0
1,Q9UBQ0,Y139A,Q96QK1,-7.1160000000000005,2r17,A,1
1,P54198,I461D,Q9Y294,-6.433,2i32,F,1
1,P56945,F794E,Q8N5H7,-8.124,3t6g,B,1
1,P56945,F794E,Q8N5H7-3,-8.124,3t6g,B,1
1,P56945,F794E,Q8N5H7-5,-8.124,3t6g,B,1
1,P56945,F794E,Q8N5H7-2,-8.124,3t6g,B,1
1,P56945,F794E,Q8N5H7-4,-8.124,3t6g,B,1
1,P56945,F794E,Q8N5H7-6,-8.124,3t6g,B,1
0,P01133,M991S,P00533-3,-4.334,1nql,B,1
0,Q13241,N158A,P17693,-1.161,1p1z,D,0
1,Q9Y4K3,I72D,P61088,-5.45,3hct,A,1
1,Q96MG7,L97A,Q8WV22,-4.476,3nw0,B,1
1,Q15836,V25P,Q9UNK0,-5.933,1gl2,A,1
1,Q0P5N6,G66D,O43924,-5.972,1ksh,A,1
1,P55957,G94A,Q07817,-5.708,1zy3,B,1
0,Q7Z3B4,R385K,P37198,-2.598,3t97,B,1
0,P19429,R145Q,P02585,-3.652,1j1e,F,1
0,P19429,R145Q,P02585,-3.652,1j1e,F,1
1,Q13241,L162A,P13747,-3.973,1p1z,D,1
1,P42771,R24P,P11802,-3.053,1bi7,B,1
1,Q92900,Y184D,Q9HAU5,-9.227,2wjv,B,1
1,Q9UBQ0,P92A,Q96QK1,-7.723,2r17,A,1
1,P51809,L136P,O15400,-6.266,1gl2,A,1
1,P51809,L136P,O15400-2,-6.266,1gl2,A,1
1,Q15836,T18P,O43752,-5.673,2nps,A,1
0,P21860,G284R,P04626,-3.628,3u7u,A,1
0,P21860,G284R,P04626-4,-3.628,3u7u,A,1
0,P63279,C93A,Q9UBT2,-8.208,4ii2,C,1
1,Q99728,L44P,P38398,-4.519,1jm7,B,1
1,P38919,D154K,O15234,-3.351,3ex7,C,1
1,Q16531,I587D,Q13619,-6.3,2hye,A,1
1,Q9Y4K3,D57K,P61088,-4.632,3hct,A,1
1,P84243,G91L,P62805,0.962,1kx5,E,0
1,Q9BV40,V20P,Q9UNK0,-5.996,1gl2,A,1
1,Q8IWE4,A265R,Q13618-2,-4.376,3tdu,A,1
1,Q8IWE4,A265R,Q13618-3,-4.376,3tdu,A,1
1,Q8IWE4,A265R,Q13618,-4.376,3tdu,A,1
1,O43521-3,G66E,Q07817-3,-6.236,3fdl,B,1
1,O43521-3,G66E,Q07817,-6.236,3fdl,B,1
1,P23297,F16A,P25815,-7.81,2y5i,A,1
1,P51587,V1532F,Q06609-2,-4.766,1n0w,B,1
1,P51587,V1532F,Q06609-3,-4.766,1n0w,B,1
1,P51587,V1532F,Q06609,-4.766,1n0w,B,1
1,P51587,V1532F,Q06609-4,-4.766,1n0w,B,1
1,P30622-2,K252A,Q15691,-5.668,1txq,A,1
1,O43521-3,G66E,P10415,-6.236,1pq1,B,1
1,O43521-3,G66E,P10415-2,-6.236,3fdl,B,1
0,P35908,L484P,O76015,-6.851,3tnu,B,1
1,P84243,Q94A,Q9UER7,-5.785,4hga,B,1
1,P84243,Q94A,Q9UER7-3,-5.785,4hga,B,1
1,Q96QK1,L589D,Q9UBQ0,-6.559,2r17,C,1
1,Q96QK1,L589D,Q9UBQ0-2,-6.559,2r17,C,1
1,P23297,F72L,P25815,-5.86,2y5i,A,1
1,Q15836,L46P,O43752,-6.995,2nps,A,1
